{
    "benefit_answer_diff": 3.6,
    "rigor_answer_diff": 1.3999999999999995,
    "importance_answer_diff": 2.7666666666666666,
    "full_text_answer_diff": 3.6,
    "another_trial_answer_diff": 3.833333333333333,
    "overall_avg": 3.04
}