{
    "benefit_answer_diff": 0.8133333333333326,
    "rigor_answer_diff": -0.2953020134228188,
    "importance_answer_diff": 0.2866666666666662,
    "full_text_answer_diff": 1.0133333333333336,
    "another_trial_answer_diff": 1.08,
    "overall_avg": 0.5796062639821027
}