{
    "benefit_answer_diff": 0.2333333333333334,
    "rigor_answer_diff": -0.8833333333333337,
    "importance_answer_diff": -0.9166666666666661,
    "full_text_answer_diff": -1.2647058823529411,
    "another_trial_answer_diff": -1.2586206896551726,
    "overall_avg": -0.817998647734956
}