{
    "benefit_answer_diff": 1.0,
    "rigor_answer_diff": 0.5,
    "importance_answer_diff": 0.43478260869565233,
    "full_text_answer_diff": 0.04166666666666696,
    "another_trial_answer_diff": 0.33333333333333304,
    "overall_avg": 0.4619565217391305
}