{
    "benefit_answer_diff": 3.0,
    "rigor_answer_diff": 0.33333333333333304,
    "importance_answer_diff": 1.333333333333333,
    "full_text_answer_diff": 1.666666666666667,
    "another_trial_answer_diff": 2.333333333333333,
    "overall_avg": 1.7333333333333332
}