{
    "accuracy": 0.5166666666666667,
    "precision": 1.0,
    "recall": 0.03333333333333333,
    "f1": 0.06451612903225806
}