{
    "benefit_answer_diff": 1.666666666666667,
    "rigor_answer_diff": 0.35000000000000053,
    "importance_answer_diff": 1.1166666666666671,
    "full_text_answer_diff": 1.0357142857142856,
    "another_trial_answer_diff": 1.666666666666667,
    "overall_avg": 1.1671428571428575
}