{
    "benefit_answer_diff": 1.7166666666666668,
    "rigor_answer_diff": 0.016666666666667496,
    "importance_answer_diff": 0.6538461538461533,
    "full_text_answer_diff": 0.6071428571428559,
    "another_trial_answer_diff": 0.6607142857142856,
    "overall_avg": 0.7310073260073258
}