{
    "benefit_answer_diff": 3.566666666666667,
    "rigor_answer_diff": 1.3999999999999995,
    "importance_answer_diff": 2.7,
    "full_text_answer_diff": 3.6333333333333333,
    "another_trial_answer_diff": 3.966666666666667,
    "overall_avg": 3.0533333333333332
}