{
    "benefit_answer_diff": 2.08,
    "rigor_answer_diff": 0.7999999999999998,
    "importance_answer_diff": 1.286666666666667,
    "full_text_answer_diff": 1.9466666666666672,
    "another_trial_answer_diff": 1.9866666666666664,
    "overall_avg": 1.62
}