{
    "benefit_answer_diff": 4.1,
    "rigor_answer_diff": -0.2333333333333334,
    "importance_answer_diff": 0.8333333333333339,
    "full_text_answer_diff": 3.033333333333333,
    "another_trial_answer_diff": 3.733333333333333,
    "overall_avg": 2.2933333333333334
}