{
    "benefit_answer_diff": 4.3999999999999995,
    "rigor_answer_diff": -0.033333333333333215,
    "importance_answer_diff": 0.9666666666666668,
    "full_text_answer_diff": 3.3999999999999995,
    "another_trial_answer_diff": 4.066666666666666,
    "overall_avg": 2.5599999999999996
}