{
    "accuracy": 0.8333333333333334,
    "precision": 1.0,
    "recall": 0.6666666666666666,
    "f1": 0.8
}