{
    "benefit_answer_diff": 2.1,
    "rigor_answer_diff": -1.4666666666666668,
    "importance_answer_diff": 0.666666666666667,
    "full_text_answer_diff": -1.9666666666666668,
    "another_trial_answer_diff": 2.5666666666666664,
    "overall_avg": 0.38
}