{
    "benefit_answer_diff": 1.8133333333333335,
    "rigor_answer_diff": 0.6733333333333329,
    "importance_answer_diff": 1.166666666666667,
    "full_text_answer_diff": 1.713333333333333,
    "another_trial_answer_diff": 1.8066666666666666,
    "overall_avg": 1.4346666666666665
}