{
    "benefit_answer_diff": 0.7333333333333334,
    "rigor_answer_diff": -0.31333333333333346,
    "importance_answer_diff": 0.23999999999999932,
    "full_text_answer_diff": 0.12666666666666693,
    "another_trial_answer_diff": 0.9266666666666667,
    "overall_avg": 0.34266666666666656
}