{
    "benefit_answer_diff": 1.373333333333334,
    "rigor_answer_diff": 0.08333333333333304,
    "importance_answer_diff": 0.5880000000000001,
    "full_text_answer_diff": 0.019865771812081157,
    "another_trial_answer_diff": 0.793333333333333,
    "overall_avg": 0.5715731543624163
}