{
    "benefit_answer_diff": 1.3333333333333335,
    "rigor_answer_diff": -2.8666666666666663,
    "importance_answer_diff": 0.7666666666666662,
    "full_text_answer_diff": 0.06666666666666732,
    "another_trial_answer_diff": 0.5666666666666669,
    "overall_avg": -0.026666666666666484
}