{
    "accuracy": 0.85,
    "precision": 0.7837837837837838,
    "recall": 0.9666666666666667,
    "f1": 0.8656716417910447
}