{
    "benefit_answer_avg": 3.566666666666667,
    "rigor_answer_avg": 1.4666666666666666,
    "importance_answer_avg": 2.7333333333333334,
    "full_text_answer_avg": 3.933333333333333,
    "another_trial_answer_avg": 3.8666666666666667,
    "overall_avg": 3.1133333333333333
}