{
    "benefit_answer_diff": 1.7999999999999998,
    "rigor_answer_diff": -3.0666666666666673,
    "importance_answer_diff": -0.6333333333333333,
    "full_text_answer_diff": 0.666666666666667,
    "another_trial_answer_diff": 1.1333333333333333,
    "overall_avg": -0.020000000000000108
}