{
    "benefit_answer_diff": 2.266666666666667,
    "rigor_answer_diff": 0.13333333333333286,
    "importance_answer_diff": 1.2000000000000002,
    "full_text_answer_diff": 2.033333333333333,
    "another_trial_answer_diff": 2.066666666666667,
    "overall_avg": 1.54
}