{
    "benefit_answer_diff": 0.9399999999999995,
    "rigor_answer_diff": 0.019999999999999574,
    "importance_answer_diff": 0.3466666666666667,
    "full_text_answer_diff": 1.12,
    "another_trial_answer_diff": 1.0466666666666669,
    "overall_avg": 0.6946666666666665
}