{
    "benefit_answer_diff": 0.6933333333333334,
    "rigor_answer_diff": -0.08000000000000007,
    "importance_answer_diff": 0.27333333333333343,
    "full_text_answer_diff": 0.40000000000000036,
    "another_trial_answer_diff": 1.4466666666666663,
    "overall_avg": 0.5466666666666666
}