{
    "benefit_answer_diff": 0.39333333333333353,
    "rigor_answer_diff": -0.7533333333333339,
    "importance_answer_diff": -0.31333333333333346,
    "full_text_answer_diff": 0.21999999999999997,
    "another_trial_answer_diff": 0.7199999999999998,
    "overall_avg": 0.05333333333333319
}