{
    "benefit_answer_diff": 0.8041958041958042,
    "rigor_answer_diff": -0.28671328671328666,
    "importance_answer_diff": 0.04895104895104918,
    "full_text_answer_diff": 0.5902777777777777,
    "another_trial_answer_diff": 0.6527777777777786,
    "overall_avg": 0.3618978243978246
}