{
    "benefit_answer_diff": 1.1315789473684212,
    "rigor_answer_diff": -0.3421052631578947,
    "importance_answer_diff": 0.4561403508771926,
    "full_text_answer_diff": 1.0086956521739134,
    "another_trial_answer_diff": 1.1491228070175437,
    "overall_avg": 0.6806864988558352
}