{
    "benefit_answer_diff": 0.7733333333333334,
    "rigor_answer_diff": -0.19333333333333336,
    "importance_answer_diff": 0.21333333333333293,
    "full_text_answer_diff": 0.6533333333333338,
    "another_trial_answer_diff": 0.9133333333333331,
    "overall_avg": 0.472
}