{
    "benefit_answer_diff": 1.7999999999999998,
    "rigor_answer_diff": 0.5999999999999996,
    "importance_answer_diff": 1.2133333333333338,
    "full_text_answer_diff": 1.5999999999999996,
    "another_trial_answer_diff": 1.8200000000000003,
    "overall_avg": 1.4066666666666667
}