{
    "benefit_answer_diff": 1.38,
    "rigor_answer_diff": 0.54,
    "importance_answer_diff": 0.8999999999999995,
    "full_text_answer_diff": 1.2199999999999998,
    "another_trial_answer_diff": 1.3133333333333335,
    "overall_avg": 1.0706666666666664
}