{
    "benefit_answer_diff": 1.9333333333333331,
    "rigor_answer_diff": -0.13333333333333286,
    "importance_answer_diff": 0.8333333333333339,
    "full_text_answer_diff": 1.7999999999999998,
    "another_trial_answer_diff": 2.5000000000000004,
    "overall_avg": 1.386666666666667
}