{
    "benefit_answer_diff": 1.2666666666666666,
    "rigor_answer_diff": -1.2999999999999998,
    "importance_answer_diff": -0.7666666666666666,
    "full_text_answer_diff": 0.7666666666666666,
    "another_trial_answer_diff": 1.9000000000000004,
    "overall_avg": 0.3733333333333334
}