{
    "benefit_answer_avg": 3.1333333333333333,
    "rigor_answer_avg": 0.1,
    "importance_answer_avg": 1.2333333333333334,
    "full_text_answer_avg": 2.8666666666666667,
    "another_trial_answer_avg": 3.3333333333333335,
    "overall_avg": 2.1333333333333333
}