{
    "benefit_answer_diff": 0.8999999999999995,
    "rigor_answer_diff": -1.9333333333333336,
    "importance_answer_diff": -0.06666666666666643,
    "full_text_answer_diff": 0.09999999999999964,
    "another_trial_answer_diff": 0.7999999999999998,
    "overall_avg": -0.040000000000000216
}