{
    "accuracy": 0.7833333333333333,
    "precision": 0.7073170731707317,
    "recall": 0.9666666666666667,
    "f1": 0.8169014084507042
}