{
    "benefit_answer_diff": 0.10000000000000009,
    "rigor_answer_diff": -2.4,
    "importance_answer_diff": -0.5333333333333332,
    "full_text_answer_diff": -1.5333333333333328,
    "another_trial_answer_diff": 0.19999999999999973,
    "overall_avg": -0.8333333333333333
}