{
    "accuracy": 0.7333333333333333,
    "precision": 0.6521739130434783,
    "recall": 1.0,
    "f1": 0.7894736842105263
}