{
    "benefit_answer_diff": 1.2333333333333334,
    "rigor_answer_diff": -0.9000000000000004,
    "importance_answer_diff": 0.8000000000000003,
    "full_text_answer_diff": 0.7666666666666666,
    "another_trial_answer_diff": 1.4333333333333336,
    "overall_avg": 0.6666666666666667
}