{
    "benefit_answer_diff": 1.0666666666666669,
    "rigor_answer_diff": -1.5999999999999996,
    "importance_answer_diff": -0.1333333333333333,
    "full_text_answer_diff": -0.03333333333333366,
    "another_trial_answer_diff": 0.7000000000000002,
    "overall_avg": 8.881784197001253e-17
}