{
    "benefit_answer_diff": 1.413333333333333,
    "rigor_answer_diff": 0.6533333333333333,
    "importance_answer_diff": 1.0133333333333336,
    "full_text_answer_diff": 1.46,
    "another_trial_answer_diff": 1.46,
    "overall_avg": 1.2
}