{
    "benefit_answer_diff": 3.566666666666667,
    "rigor_answer_diff": 1.2666666666666666,
    "importance_answer_diff": 2.7333333333333334,
    "full_text_answer_diff": 3.733333333333333,
    "another_trial_answer_diff": 3.8,
    "overall_avg": 3.02
}