{
    "benefit_answer_diff": 1.6868008948545858,
    "rigor_answer_diff": 0.08999999999999986,
    "importance_answer_diff": 0.7027027027027026,
    "full_text_answer_diff": 0.028776978417266008,
    "another_trial_answer_diff": 0.9933333333333323,
    "overall_avg": 0.7003227818615774
}