{
    "benefit_answer_diff": 0.8133333333333335,
    "rigor_answer_diff": -0.07333333333333325,
    "importance_answer_diff": 0.28000000000000025,
    "full_text_answer_diff": 0.5436241610738248,
    "another_trial_answer_diff": 1.0466666666666669,
    "overall_avg": 0.5220581655480985
}