{
    "benefit_answer_diff": 1.5933333333333337,
    "rigor_answer_diff": 0.47999999999999954,
    "importance_answer_diff": 1.08,
    "full_text_answer_diff": 1.3866666666666667,
    "another_trial_answer_diff": 1.6133333333333333,
    "overall_avg": 1.2306666666666666
}