{
    "benefit_answer_diff": 6.0,
    "rigor_answer_diff": 0.40000000000000036,
    "importance_answer_diff": 2.2333333333333325,
    "full_text_answer_diff": 5.466666666666667,
    "another_trial_answer_diff": 3.333333333333333,
    "overall_avg": 3.4866666666666664
}