{
    "benefit_answer_diff": 4.633333333333333,
    "rigor_answer_diff": -0.2333333333333334,
    "importance_answer_diff": 1.3666666666666663,
    "full_text_answer_diff": 1.9000000000000004,
    "another_trial_answer_diff": 2.7666666666666666,
    "overall_avg": 2.0866666666666664
}