{
    "benefit_answer_diff": 3.466666666666667,
    "rigor_answer_diff": -2.3000000000000007,
    "importance_answer_diff": 0.06666666666666643,
    "full_text_answer_diff": 0.33333333333333304,
    "another_trial_answer_diff": 0.13333333333333375,
    "overall_avg": 0.33999999999999986
}