{
    "benefit_answer_diff": 1.0666666666666669,
    "rigor_answer_diff": -1.0,
    "importance_answer_diff": 0.2666666666666675,
    "full_text_answer_diff": 0.666666666666667,
    "another_trial_answer_diff": 1.6333333333333329,
    "overall_avg": 0.5266666666666668
}