{
    "benefit_answer_diff": 1.5999999999999996,
    "rigor_answer_diff": -1.2000000000000002,
    "importance_answer_diff": -0.09999999999999964,
    "full_text_answer_diff": 0.06666666666666732,
    "another_trial_answer_diff": 0.4666666666666668,
    "overall_avg": 0.1666666666666668
}