{
    "benefit_answer_diff": 0.06666666666666687,
    "rigor_answer_diff": -0.5333333333333332,
    "importance_answer_diff": 2.1999999999999997,
    "full_text_answer_diff": 1.5333333333333332,
    "another_trial_answer_diff": 0.5333333333333332,
    "overall_avg": 0.76
}