{
    "benefit_answer_diff": 1.833333333333333,
    "rigor_answer_diff": -0.13333333333333286,
    "importance_answer_diff": 0.5666666666666664,
    "full_text_answer_diff": 0.7000000000000002,
    "another_trial_answer_diff": 1.4333333333333336,
    "overall_avg": 0.8800000000000001
}