{
    "benefit_answer_diff": 2.2,
    "rigor_answer_diff": 0.16666666666666607,
    "importance_answer_diff": 0.8999999999999995,
    "full_text_answer_diff": 1.5,
    "another_trial_answer_diff": 2.7333333333333334,
    "overall_avg": 1.4999999999999998
}