{
    "benefit_answer_diff": 0.4066666666666663,
    "rigor_answer_diff": -0.3533333333333335,
    "importance_answer_diff": -0.2333333333333334,
    "full_text_answer_diff": 0.2200000000000002,
    "another_trial_answer_diff": 1.1266666666666665,
    "overall_avg": 0.23333333333333323
}