{
    "benefit_answer_diff": 1.6300000000000008,
    "rigor_answer_diff": -0.05133333333333301,
    "importance_answer_diff": 0.7297297297297298,
    "full_text_answer_diff": 0.40441176470588225,
    "another_trial_answer_diff": 1.4266666666666667,
    "overall_avg": 0.8278949655537893
}