{
    "benefit_answer_diff": 2.5840000000000005,
    "rigor_answer_diff": 0.13333333333333286,
    "importance_answer_diff": 1.1879194630872485,
    "full_text_answer_diff": -0.07092198581560272,
    "another_trial_answer_diff": 1.4933333333333332,
    "overall_avg": 1.0655328287876624
}