{
    "benefit_answer_diff": 1.8866666666666667,
    "rigor_answer_diff": 0.7066666666666661,
    "importance_answer_diff": 1.2266666666666666,
    "full_text_answer_diff": 1.6133333333333333,
    "another_trial_answer_diff": 1.7333333333333334,
    "overall_avg": 1.4333333333333331
}