{
    "benefit_answer_diff": 0.7114093959731544,
    "rigor_answer_diff": 0.020270270270270174,
    "importance_answer_diff": 0.3378378378378377,
    "full_text_answer_diff": 1.0680272108843538,
    "another_trial_answer_diff": 1.3355704697986575,
    "overall_avg": 0.6946230369528548
}