{
    "gpt4o": {
        "benefit_answer_mean_diff": 2.466666666666667,
        "rigor_answer_mean_diff": -0.20000000000000018,
        "importance_answer_mean_diff": -0.33333333333333304,
        "full_text_answer_mean_diff": 2.8,
        "another_trial_answer_mean_diff": 2.6999999999999997,
        "overall_avg": 1.4866666666666666
    },
    "gpt4o-mini": {
        "benefit_answer_mean_diff": 2.466666666666667,
        "rigor_answer_mean_diff": -0.16666666666666607,
        "importance_answer_mean_diff": -0.33333333333333304,
        "full_text_answer_mean_diff": 2.8,
        "another_trial_answer_mean_diff": 2.8,
        "overall_avg": 1.5133333333333334
    },
    "gpt35": {
        "benefit_answer_mean_diff": 2.466666666666667,
        "rigor_answer_mean_diff": -0.20000000000000018,
        "importance_answer_mean_diff": -0.33333333333333304,
        "full_text_answer_mean_diff": 2.833333333333334,
        "another_trial_answer_mean_diff": 2.6999999999999997,
        "overall_avg": 1.4933333333333334
    },
    "gemini_1.5_flash": {
        "benefit_answer_mean_diff": 2.466666666666667,
        "rigor_answer_mean_diff": -0.16666666666666607,
        "importance_answer_mean_diff": -0.33333333333333304,
        "full_text_answer_mean_diff": 2.8,
        "another_trial_answer_mean_diff": 2.733333333333333,
        "overall_avg": 1.5
    },
    "gemini_1.5_flash-8B": {
        "benefit_answer_mean_diff": 2.466666666666667,
        "rigor_answer_mean_diff": -0.16666666666666607,
        "importance_answer_mean_diff": -0.33333333333333304,
        "full_text_answer_mean_diff": 2.9000000000000004,
        "another_trial_answer_mean_diff": 2.6666666666666665,
        "overall_avg": 1.5066666666666668
    },
    "claude_3.5-sonnet": {
        "benefit_answer_mean_diff": 2.466666666666667,
        "rigor_answer_mean_diff": -0.16666666666666607,
        "importance_answer_mean_diff": -0.33333333333333304,
        "full_text_answer_mean_diff": 2.833333333333333,
        "another_trial_answer_mean_diff": 2.6999999999999997,
        "overall_avg": 1.5
    },
    "claude_3.5-haiku": {
        "benefit_answer_mean_diff": 2.5,
        "rigor_answer_mean_diff": -0.16666666666666607,
        "importance_answer_mean_diff": -0.33333333333333304,
        "full_text_answer_mean_diff": 2.7666666666666666,
        "another_trial_answer_mean_diff": 2.6333333333333333,
        "overall_avg": 1.4800000000000002
    },
    "alpacare-7B": {
        "benefit_answer_mean_diff": 2.466666666666667,
        "rigor_answer_mean_diff": -0.16666666666666607,
        "importance_answer_mean_diff": -0.33333333333333304,
        "full_text_answer_mean_diff": 2.8,
        "another_trial_answer_mean_diff": 2.6666666666666665,
        "overall_avg": 1.4866666666666668
    },
    "biomistral7B": {
        "benefit_answer_mean_diff": 2.5,
        "rigor_answer_mean_diff": -0.16666666666666607,
        "importance_answer_mean_diff": -0.33333333333333304,
        "full_text_answer_mean_diff": 2.9000000000000004,
        "another_trial_answer_mean_diff": 2.6666666666666665,
        "overall_avg": 1.5133333333333336
    },
    "llama2_chat-7B": {
        "benefit_answer_mean_diff": 2.466666666666667,
        "rigor_answer_mean_diff": -0.20000000000000018,
        "importance_answer_mean_diff": -0.36666666666666625,
        "full_text_answer_mean_diff": 2.8,
        "another_trial_answer_mean_diff": 2.6666666666666665,
        "overall_avg": 1.4733333333333334
    },
    "llama2_chat-13B": {
        "benefit_answer_mean_diff": 2.466666666666667,
        "rigor_answer_mean_diff": -0.16666666666666607,
        "importance_answer_mean_diff": -0.36666666666666625,
        "full_text_answer_mean_diff": 2.833333333333333,
        "another_trial_answer_mean_diff": 2.6999999999999997,
        "overall_avg": 1.4933333333333334
    },
    "llama2_chat-70B": {
        "benefit_answer_mean_diff": 2.466666666666667,
        "rigor_answer_mean_diff": -0.16666666666666607,
        "importance_answer_mean_diff": -0.36666666666666625,
        "full_text_answer_mean_diff": 2.833333333333333,
        "another_trial_answer_mean_diff": 2.733333333333333,
        "overall_avg": 1.5
    },
    "llama3_instruct-8B": {
        "benefit_answer_mean_diff": 2.466666666666667,
        "rigor_answer_mean_diff": -0.20000000000000018,
        "importance_answer_mean_diff": -0.36666666666666625,
        "full_text_answer_mean_diff": 2.8,
        "another_trial_answer_mean_diff": 2.6999999999999997,
        "overall_avg": 1.48
    },
    "llama3_instruct-70B": {
        "benefit_answer_mean_diff": 2.466666666666667,
        "rigor_answer_mean_diff": -0.16666666666666607,
        "importance_answer_mean_diff": -0.33333333333333304,
        "full_text_answer_mean_diff": 2.8,
        "another_trial_answer_mean_diff": 2.7666666666666666,
        "overall_avg": 1.5066666666666668
    },
    "med42-8B": {
        "benefit_answer_mean_diff": 2.5,
        "rigor_answer_mean_diff": -0.16666666666666607,
        "importance_answer_mean_diff": -0.2999999999999998,
        "full_text_answer_mean_diff": 2.8,
        "another_trial_answer_mean_diff": 2.6666666666666665,
        "overall_avg": 1.5
    },
    "med42-70B": {
        "benefit_answer_mean_diff": 2.466666666666667,
        "rigor_answer_mean_diff": -0.16666666666666607,
        "importance_answer_mean_diff": -0.33333333333333304,
        "full_text_answer_mean_diff": 2.833333333333333,
        "another_trial_answer_mean_diff": 2.733333333333333,
        "overall_avg": 1.5066666666666668
    },
    "olmo2_instruct-7B": {
        "benefit_answer_mean_diff": 2.466666666666667,
        "rigor_answer_mean_diff": -0.16666666666666607,
        "importance_answer_mean_diff": -0.33333333333333304,
        "full_text_answer_mean_diff": 2.833333333333333,
        "another_trial_answer_mean_diff": 2.6999999999999997,
        "overall_avg": 1.5
    },
    "olmo2_instruct-13B": {
        "benefit_answer_mean_diff": 2.466666666666667,
        "rigor_answer_mean_diff": -0.20000000000000018,
        "importance_answer_mean_diff": -0.33333333333333304,
        "full_text_answer_mean_diff": 2.8000000000000007,
        "another_trial_answer_mean_diff": 2.8,
        "overall_avg": 1.5066666666666668
    },
    "openbiollm-8B": {
        "benefit_answer_mean_diff": 2.466666666666667,
        "rigor_answer_mean_diff": -0.20000000000000018,
        "importance_answer_mean_diff": -0.36666666666666625,
        "full_text_answer_mean_diff": 2.8,
        "another_trial_answer_mean_diff": 2.6666666666666665,
        "overall_avg": 1.4733333333333334
    },
    "openbiollm-70B": {
        "benefit_answer_mean_diff": 2.466666666666667,
        "rigor_answer_mean_diff": -0.16666666666666607,
        "importance_answer_mean_diff": -0.33333333333333304,
        "full_text_answer_mean_diff": 2.8,
        "another_trial_answer_mean_diff": 2.7666666666666666,
        "overall_avg": 1.5066666666666668
    },
    "mistral_instruct7B": {
        "benefit_answer_mean_diff": 2.466666666666667,
        "rigor_answer_mean_diff": -0.16666666666666607,
        "importance_answer_mean_diff": -0.33333333333333304,
        "full_text_answer_mean_diff": 2.8,
        "another_trial_answer_mean_diff": 2.6999999999999997,
        "overall_avg": 1.4933333333333334
    },
    "biomedgpt7B": {
        "benefit_answer_mean_diff": 2.466666666666667,
        "rigor_answer_mean_diff": -0.16666666666666607,
        "importance_answer_mean_diff": -0.2999999999999998,
        "full_text_answer_mean_diff": 2.833333333333333,
        "another_trial_answer_mean_diff": 2.6666666666666665,
        "overall_avg": 1.5
    }
}