{
    "benefit_answer_diff": 3.6333333333333333,
    "rigor_answer_diff": 1.3999999999999995,
    "importance_answer_diff": 2.7,
    "full_text_answer_diff": 3.6333333333333337,
    "another_trial_answer_diff": 3.8,
    "overall_avg": 3.033333333333333
}