{
    "benefit_answer_diff": 2.466666666666667,
    "rigor_answer_diff": -0.16666666666666607,
    "importance_answer_diff": -0.36666666666666625,
    "full_text_answer_diff": 2.833333333333333,
    "another_trial_answer_diff": 2.733333333333333,
    "overall_avg": 1.5
}