{
    "benefit_answer_diff": 1.4939999999999998,
    "rigor_answer_diff": 0.009999999999999787,
    "importance_answer_diff": 0.5067114093959724,
    "full_text_answer_diff": -0.032142857142856585,
    "another_trial_answer_diff": 0.7499999999999991,
    "overall_avg": 0.5457137104506229
}