{
    "benefit_answer_diff": 2.466666666666667,
    "rigor_answer_diff": -0.20000000000000018,
    "importance_answer_diff": -0.36666666666666625,
    "full_text_answer_diff": 2.8,
    "another_trial_answer_diff": 2.6999999999999997,
    "overall_avg": 1.48
}