{
    "benefit_answer_diff": 1.535333333333333,
    "rigor_answer_diff": -0.009999999999999787,
    "importance_answer_diff": 0.54,
    "full_text_answer_diff": 0.007042253521126973,
    "another_trial_answer_diff": 1.0999999999999996,
    "overall_avg": 0.634475117370892
}