{
    "benefit_answer_diff": 0.6999999999999997,
    "rigor_answer_diff": -4.266666666666667,
    "importance_answer_diff": -3.1333333333333333,
    "full_text_answer_diff": -2.4333333333333336,
    "another_trial_answer_diff": -0.733333333333333,
    "overall_avg": -1.9733333333333334
}