{
    "benefit_answer_diff": 0.8999999999999999,
    "rigor_answer_diff": -1.6333333333333337,
    "importance_answer_diff": -0.36666666666666625,
    "full_text_answer_diff": -1.9,
    "another_trial_answer_diff": -0.33333333333333304,
    "overall_avg": -0.6666666666666666
}