{
    "benefit_answer_diff": 1.833333333333333,
    "rigor_answer_diff": -1.0,
    "importance_answer_diff": 0.33333333333333304,
    "full_text_answer_diff": 0.8999999999999999,
    "another_trial_answer_diff": 1.3333333333333335,
    "overall_avg": 0.6799999999999999
}