{
    "benefit_answer_avg": -3.066666666666667,
    "rigor_answer_avg": 0.1,
    "importance_answer_avg": -0.9666666666666667,
    "full_text_answer_avg": -2.7333333333333334,
    "another_trial_answer_avg": -3.433333333333333,
    "overall_avg": -2.02
}