{
    "accuracy": 0.8333333333333334,
    "precision": 0.7941176470588235,
    "recall": 0.9,
    "f1": 0.84375
}