{
    "benefit_answer_diff": 2.9333333333333336,
    "rigor_answer_diff": 0.833333333333333,
    "importance_answer_diff": 2.033333333333333,
    "full_text_answer_diff": 2.366666666666667,
    "another_trial_answer_diff": 2.7666666666666666,
    "overall_avg": 2.1866666666666665
}