{
    "benefit_answer_diff": 0.10000000000000053,
    "rigor_answer_diff": 0.033333333333333215,
    "importance_answer_diff": 0.2666666666666666,
    "full_text_answer_diff": 0.2666666666666666,
    "another_trial_answer_diff": 0.5999999999999996,
    "overall_avg": 0.2533333333333333
}