{
    "benefit_answer_diff": 1.0,
    "rigor_answer_diff": -1.3666666666666663,
    "importance_answer_diff": 0.39999999999999947,
    "full_text_answer_diff": 1.5333333333333332,
    "another_trial_answer_diff": 1.4,
    "overall_avg": 0.5933333333333333
}