{
    "benefit_answer_diff": 1.1,
    "rigor_answer_diff": 0.033333333333333215,
    "importance_answer_diff": 0.49999999999999956,
    "full_text_answer_diff": 1.6666666666666665,
    "another_trial_answer_diff": 1.8666666666666667,
    "overall_avg": 1.0333333333333332
}