{
    "accuracy": 0.5666666666666667,
    "precision": 0.5370370370370371,
    "recall": 0.9666666666666667,
    "f1": 0.6904761904761905
}