{
    "benefit_answer_diff": 0.6000000000000001,
    "rigor_answer_diff": -0.19999999999999973,
    "importance_answer_diff": 0.29333333333333345,
    "full_text_answer_diff": 0.3599999999999999,
    "another_trial_answer_diff": 1.0666666666666664,
    "overall_avg": 0.42400000000000004
}