{
    "benefit_answer_diff": 1.0533333333333328,
    "rigor_answer_diff": -0.03999999999999915,
    "importance_answer_diff": 0.15999999999999925,
    "full_text_answer_diff": 0.9466666666666672,
    "another_trial_answer_diff": 1.2400000000000002,
    "overall_avg": 0.672
}