{
    "benefit_answer_diff": 1.7400000000000002,
    "rigor_answer_diff": 0.6866666666666665,
    "importance_answer_diff": 1.086666666666667,
    "full_text_answer_diff": 1.4799999999999995,
    "another_trial_answer_diff": 1.7999999999999998,
    "overall_avg": 1.3586666666666667
}