{
    "accuracy": 0.5833333333333334,
    "precision": 1.0,
    "recall": 0.16666666666666666,
    "f1": 0.2857142857142857
}