{
    "benefit_answer_diff": 2.1333333333333333,
    "rigor_answer_diff": 0.0,
    "importance_answer_diff": 0.9000000000000004,
    "full_text_answer_diff": 1.0,
    "another_trial_answer_diff": 2.9,
    "overall_avg": 1.3866666666666667
}