{
    "benefit_answer_diff": 3.6666666666666665,
    "rigor_answer_diff": 0.33333333333333304,
    "importance_answer_diff": 1.333333333333333,
    "full_text_answer_diff": 2.0,
    "another_trial_answer_diff": 3.9999999999999996,
    "overall_avg": 2.2666666666666666
}