{
    "benefit_answer_diff": 1.4666666666666663,
    "rigor_answer_diff": -0.7333333333333334,
    "importance_answer_diff": -0.2333333333333334,
    "full_text_answer_diff": -0.7000000000000002,
    "another_trial_answer_diff": 1.7000000000000006,
    "overall_avg": 0.3
}