{
    "benefit_answer_diff": 1.0666666666666669,
    "rigor_answer_diff": -0.8000000000000007,
    "importance_answer_diff": 2.0333333333333337,
    "full_text_answer_diff": 2.433333333333333,
    "another_trial_answer_diff": 1.6666666666666667,
    "overall_avg": 1.28
}