{
    "benefit_answer_diff": 2.966666666666667,
    "rigor_answer_diff": 0.33333333333333304,
    "importance_answer_diff": 1.5999999999999996,
    "full_text_answer_diff": 1.6333333333333329,
    "another_trial_answer_diff": 3.033333333333333,
    "overall_avg": 1.913333333333333
}