{
    "benefit_answer_diff": 3.566666666666667,
    "rigor_answer_diff": 1.3666666666666671,
    "importance_answer_diff": 2.7,
    "full_text_answer_diff": 3.6999999999999997,
    "another_trial_answer_diff": 3.833333333333333,
    "overall_avg": 3.033333333333333
}