{
    "benefit_answer_diff": 2.100671140939597,
    "rigor_answer_diff": 0.10400000000000009,
    "importance_answer_diff": 1.0233333333333334,
    "full_text_answer_diff": 0.08823529411764675,
    "another_trial_answer_diff": 1.8866666666666667,
    "overall_avg": 1.0405812870114488
}