{
    "benefit_answer_diff": 1.996666666666667,
    "rigor_answer_diff": 0.14333333333333353,
    "importance_answer_diff": 0.8866666666666667,
    "full_text_answer_diff": 0.21481481481481524,
    "another_trial_answer_diff": 1.7800000000000002,
    "overall_avg": 1.0042962962962965
}