{
    "benefit_answer_diff": 1.7100000000000009,
    "rigor_answer_diff": 0.006666666666666821,
    "importance_answer_diff": 0.7233333333333327,
    "full_text_answer_diff": 0.6054421768707483,
    "another_trial_answer_diff": 1.5999999999999988,
    "overall_avg": 0.9290884353741495
}