{
    "benefit_answer_diff": 1.6644444444444444,
    "rigor_answer_diff": 0.07333333333333325,
    "importance_answer_diff": 0.9530201342281881,
    "full_text_answer_diff": 0.07482993197278986,
    "another_trial_answer_diff": 1.6933333333333334,
    "overall_avg": 0.8917922354624178
}