{
    "benefit_answer_diff": 1.0376666666666665,
    "rigor_answer_diff": -0.007333333333332526,
    "importance_answer_diff": 0.3366666666666678,
    "full_text_answer_diff": 0.008275862068966688,
    "another_trial_answer_diff": 0.5933333333333337,
    "overall_avg": 0.39372183908046043
}