{
    "benefit_answer_diff": 1.9466666666666672,
    "rigor_answer_diff": 0.8733333333333331,
    "importance_answer_diff": 1.3399999999999999,
    "full_text_answer_diff": 1.793333333333333,
    "another_trial_answer_diff": 1.8933333333333335,
    "overall_avg": 1.5693333333333332
}