{
    "benefit_answer_diff": 1.6302222222222218,
    "rigor_answer_diff": 0.1913333333333327,
    "importance_answer_diff": 0.7953020134228188,
    "full_text_answer_diff": -0.1714285714285717,
    "another_trial_answer_diff": 1.7400000000000002,
    "overall_avg": 0.8370857995099603
}