{
    "benefit_answer_diff": 3.566666666666667,
    "rigor_answer_diff": 1.4000000000000004,
    "importance_answer_diff": 2.7666666666666666,
    "full_text_answer_diff": 3.6333333333333333,
    "another_trial_answer_diff": 3.766666666666666,
    "overall_avg": 3.026666666666667
}