{
    "benefit_answer_diff": 3.5333333333333337,
    "rigor_answer_diff": 1.2999999999999998,
    "importance_answer_diff": 2.833333333333333,
    "full_text_answer_diff": 3.6666666666666665,
    "another_trial_answer_diff": 4.0,
    "overall_avg": 3.0666666666666664
}