{
    "benefit_answer_diff": 0.686666666666667,
    "rigor_answer_diff": -0.17333333333333334,
    "importance_answer_diff": 0.033333333333333215,
    "full_text_answer_diff": 0.4533333333333336,
    "another_trial_answer_diff": 0.8993288590604029,
    "overall_avg": 0.3798657718120807
}