{
    "benefit_answer_diff": 4.333333333333333,
    "rigor_answer_diff": 0.13333333333333286,
    "importance_answer_diff": 0.20000000000000107,
    "full_text_answer_diff": 0.0,
    "another_trial_answer_diff": 0.0,
    "overall_avg": 0.9333333333333333
}