{
    "benefit_answer_diff": 6.051724137931034,
    "rigor_answer_diff": 0.2666666666666675,
    "importance_answer_diff": 0.8000000000000007,
    "full_text_answer_diff": 0.0,
    "another_trial_answer_diff": null,
    "overall_avg": null
}