{
    "benefit_answer_diff": 1.6,
    "rigor_answer_diff": -1.5333333333333332,
    "importance_answer_diff": -0.40000000000000036,
    "full_text_answer_diff": 0.0,
    "another_trial_answer_diff": 0.0,
    "overall_avg": -0.0666666666666667
}