{
    "accuracy": 0.6833333333333333,
    "precision": 0.9230769230769231,
    "recall": 0.4,
    "f1": 0.5581395348837209
}