{
    "benefit_answer_diff": -1.2857142857142847,
    "rigor_answer_diff": 0.21428571428571352,
    "importance_answer_diff": 0.036363636363636154,
    "full_text_answer_diff": NaN,
    "another_trial_answer_diff": -1.3330769230769226,
    "overall_avg": NaN
}