{
    "benefit_answer_diff": 3.5333333333333337,
    "rigor_answer_diff": 1.2333333333333334,
    "importance_answer_diff": 2.7333333333333334,
    "full_text_answer_diff": 3.6666666666666665,
    "another_trial_answer_diff": 3.966666666666667,
    "overall_avg": 3.026666666666667
}