{
    "benefit_answer_diff": 3.6,
    "rigor_answer_diff": 1.3666666666666663,
    "importance_answer_diff": 2.7333333333333334,
    "full_text_answer_diff": 3.7000000000000006,
    "another_trial_answer_diff": 3.866666666666667,
    "overall_avg": 3.0533333333333337
}