{
    "benefit_answer_diff": 0.10000000000000009,
    "rigor_answer_diff": -0.1418918918918921,
    "importance_answer_diff": 0.40939597315436327,
    "full_text_answer_diff": 0.05369127516778516,
    "another_trial_answer_diff": 1.1533333333333329,
    "overall_avg": 0.31490573795271787
}