{
    "benefit_answer_diff": 3.7,
    "rigor_answer_diff": -1.2333333333333334,
    "importance_answer_diff": -1.5666666666666673,
    "full_text_answer_diff": 0.1333333333333333,
    "another_trial_answer_diff": 3.0,
    "overall_avg": 0.8066666666666665
}