{
    "benefit_answer_diff": 3.5999999999999996,
    "rigor_answer_diff": -0.23333333333333428,
    "importance_answer_diff": 2.7333333333333334,
    "full_text_answer_diff": 1.333333333333333,
    "another_trial_answer_diff": 3.9,
    "overall_avg": 2.266666666666666
}