{
    "accuracy": 0.8,
    "precision": 0.9090909090909091,
    "recall": 0.6666666666666666,
    "f1": 0.7692307692307693
}