{
    "benefit_answer_diff": 4.833333333333333,
    "rigor_answer_diff": 0.0,
    "importance_answer_diff": 1.3666666666666663,
    "full_text_answer_diff": 4.366666666666667,
    "another_trial_answer_diff": 4.766666666666667,
    "overall_avg": 3.0666666666666664
}