{
    "benefit_answer_diff": 4.5,
    "rigor_answer_diff": 0.09999999999999964,
    "importance_answer_diff": 1.0666666666666664,
    "full_text_answer_diff": 3.1,
    "another_trial_answer_diff": 4.333333333333333,
    "overall_avg": 2.6199999999999997
}