{
    "accuracy": 0.5166666666666667,
    "precision": 0.5098039215686274,
    "recall": 0.8666666666666667,
    "f1": 0.6419753086419753
}