{
    "benefit_answer_diff": 3.6666666666666665,
    "rigor_answer_diff": 1.333333333333333,
    "importance_answer_diff": 2.666666666666667,
    "full_text_answer_diff": 3.766666666666666,
    "another_trial_answer_diff": 3.8666666666666663,
    "overall_avg": 3.0599999999999996
}