{
    "accuracy": 0.6333333333333333,
    "precision": 0.58,
    "recall": 0.9666666666666667,
    "f1": 0.725
}