{
    "benefit_answer_diff": 2.0,
    "rigor_answer_diff": -0.16666666666666607,
    "importance_answer_diff": 0.10000000000000053,
    "full_text_answer_diff": 0.033333333333333215,
    "another_trial_answer_diff": 0.3600000000000003,
    "overall_avg": 0.4653333333333336
}