{
    "benefit_answer_diff": 2.6896551724137927,
    "rigor_answer_diff": 0.0,
    "importance_answer_diff": 0.666666666666667,
    "full_text_answer_diff": 0.6333333333333337,
    "another_trial_answer_diff": 1.0333333333333332,
    "overall_avg": 1.0045977011494254
}