{
    "benefit_answer_diff": 1.5333333333333332,
    "rigor_answer_diff": 0.6333333333333337,
    "importance_answer_diff": 1.5333333333333332,
    "full_text_answer_diff": 1.2000000000000002,
    "another_trial_answer_diff": 1.6333333333333333,
    "overall_avg": 1.3066666666666666
}