{
    "benefit_answer_diff": 1.8421052631578942,
    "rigor_answer_diff": -1.0666666666666673,
    "importance_answer_diff": -0.20000000000000018,
    "full_text_answer_diff": 0.06666666666666643,
    "another_trial_answer_diff": 0.6500000000000004,
    "overall_avg": 0.2584210526315787
}