{
    "benefit_answer_diff": 3.6666666666666665,
    "rigor_answer_diff": 1.2666666666666666,
    "importance_answer_diff": 2.7,
    "full_text_answer_diff": 3.6666666666666665,
    "another_trial_answer_diff": 3.866666666666667,
    "overall_avg": 3.033333333333333
}