{
    "benefit_answer_diff": 2.933333333333333,
    "rigor_answer_diff": -1.8666666666666663,
    "importance_answer_diff": 0.833333333333333,
    "full_text_answer_diff": 0.7999999999999998,
    "another_trial_answer_diff": 1.4000000000000004,
    "overall_avg": 0.8200000000000001
}