{
    "benefit_answer_diff": 2.5333333333333328,
    "rigor_answer_diff": -0.8666666666666671,
    "importance_answer_diff": 0.8666666666666671,
    "full_text_answer_diff": 1.7333333333333334,
    "another_trial_answer_diff": 2.466666666666667,
    "overall_avg": 1.3466666666666667
}