{
    "benefit_answer_diff": 3.8,
    "rigor_answer_diff": 0.36666666666666625,
    "importance_answer_diff": 2.033333333333333,
    "full_text_answer_diff": 2.033333333333333,
    "another_trial_answer_diff": 3.3000000000000003,
    "overall_avg": 2.3066666666666666
}