{
    "benefit_answer_avg": -3.9,
    "rigor_answer_avg": -1.4333333333333333,
    "importance_answer_avg": -2.066666666666667,
    "full_text_answer_avg": -2.6,
    "another_trial_answer_avg": -3.7666666666666666,
    "overall_avg": -2.7533333333333334
}