{
    "benefit_answer_diff": 1.7366666666666672,
    "rigor_answer_diff": 0.15866666666666607,
    "importance_answer_diff": 0.9358108108108105,
    "full_text_answer_diff": 0.16793893129771043,
    "another_trial_answer_diff": 1.9466666666666663,
    "overall_avg": 0.9891499484217041
}