{
    "benefit_answer_diff": 1.9733333333333336,
    "rigor_answer_diff": 0.1566666666666663,
    "importance_answer_diff": 1.2000000000000002,
    "full_text_answer_diff": 0.0,
    "another_trial_answer_diff": 1.5266666666666673,
    "overall_avg": 0.9713333333333335
}