{
    "benefit_answer_diff": 1.9533333333333331,
    "rigor_answer_diff": 0.746666666666667,
    "importance_answer_diff": 1.3933333333333335,
    "full_text_answer_diff": 1.7133333333333338,
    "another_trial_answer_diff": 2.0133333333333336,
    "overall_avg": 1.5640000000000003
}