{
    "olmo2_instruct-7B": {
        "benefit_answer_mean_diff": 1.0600000000000005,
        "rigor_answer_mean_diff": 0.4066666666666663,
        "importance_answer_mean_diff": 0.706666666666667,
        "full_text_answer_mean_diff": 0.9533333333333331,
        "another_trial_answer_mean_diff": 1.0333333333333332,
        "overall_avg": 0.8320000000000001
    },
    "olmo2_instruct-13B": {
        "benefit_answer_mean_diff": 1.4733333333333327,
        "rigor_answer_mean_diff": 0.5866666666666669,
        "importance_answer_mean_diff": 1.04,
        "full_text_answer_mean_diff": 1.326666666666667,
        "another_trial_answer_mean_diff": 1.4266666666666667,
        "overall_avg": 1.1706666666666667
    },
    "mistral_instruct7B": {
        "benefit_answer_mean_diff": 1.8133333333333335,
        "rigor_answer_mean_diff": 0.6733333333333329,
        "importance_answer_mean_diff": 1.166666666666667,
        "full_text_answer_mean_diff": 1.713333333333333,
        "another_trial_answer_mean_diff": 1.8066666666666666,
        "overall_avg": 1.4346666666666665
    },
    "med42-8B": {
        "benefit_answer_mean_diff": 1.9066666666666663,
        "rigor_answer_mean_diff": 0.7266666666666666,
        "importance_answer_mean_diff": 1.1800000000000006,
        "full_text_answer_mean_diff": 1.6866666666666674,
        "another_trial_answer_mean_diff": 1.8266666666666662,
        "overall_avg": 1.4653333333333334
    },
    "biomistral7B": {
        "benefit_answer_mean_diff": 1.2599999999999998,
        "rigor_answer_mean_diff": 0.6000000000000005,
        "importance_answer_mean_diff": 0.9666666666666668,
        "full_text_answer_mean_diff": 1.2333333333333334,
        "another_trial_answer_mean_diff": 1.38,
        "overall_avg": 1.088
    },
    "openbiollm-8B": {
        "benefit_answer_mean_diff": 1.413333333333333,
        "rigor_answer_mean_diff": 0.6533333333333333,
        "importance_answer_mean_diff": 1.0133333333333336,
        "full_text_answer_mean_diff": 1.46,
        "another_trial_answer_mean_diff": 1.46,
        "overall_avg": 1.2
    },
    "llama2_chat-7B": {
        "benefit_answer_mean_diff": 1.706666666666667,
        "rigor_answer_mean_diff": 0.43333333333333357,
        "importance_answer_mean_diff": 1.0733333333333333,
        "full_text_answer_mean_diff": 1.4933333333333332,
        "another_trial_answer_mean_diff": 1.6000000000000005,
        "overall_avg": 1.2613333333333334
    },
    "llama2_chat-13B": {
        "benefit_answer_mean_diff": 1.9799999999999995,
        "rigor_answer_mean_diff": 0.7266666666666666,
        "importance_answer_mean_diff": 1.3066666666666666,
        "full_text_answer_mean_diff": 1.6799999999999997,
        "another_trial_answer_mean_diff": 1.92,
        "overall_avg": 1.5226666666666664
    },
    "llama3_instruct-8B": {
        "benefit_answer_mean_diff": 1.626666666666666,
        "rigor_answer_mean_diff": 0.6466666666666665,
        "importance_answer_mean_diff": 1.1799999999999997,
        "full_text_answer_mean_diff": 1.5999999999999996,
        "another_trial_answer_mean_diff": 1.7266666666666666,
        "overall_avg": 1.3559999999999997
    },
    "llama2_chat-70B": {
        "benefit_answer_mean_diff": 1.8866666666666667,
        "rigor_answer_mean_diff": 0.7066666666666661,
        "importance_answer_mean_diff": 1.2266666666666666,
        "full_text_answer_mean_diff": 1.6133333333333333,
        "another_trial_answer_mean_diff": 1.7333333333333334,
        "overall_avg": 1.4333333333333331
    },
    "llama3_instruct-70B": {
        "benefit_answer_mean_diff": 1.7999999999999998,
        "rigor_answer_mean_diff": 0.5999999999999996,
        "importance_answer_mean_diff": 1.2133333333333338,
        "full_text_answer_mean_diff": 1.5999999999999996,
        "another_trial_answer_mean_diff": 1.8200000000000003,
        "overall_avg": 1.4066666666666667
    },
    "med42-70B": {
        "benefit_answer_mean_diff": 1.3399999999999999,
        "rigor_answer_mean_diff": 0.6200000000000001,
        "importance_answer_mean_diff": 1.0600000000000005,
        "full_text_answer_mean_diff": 1.2733333333333334,
        "another_trial_answer_mean_diff": 1.3666666666666671,
        "overall_avg": 1.1320000000000001
    },
    "openbiollm-70B": {
        "benefit_answer_mean_diff": 2.08,
        "rigor_answer_mean_diff": 0.7999999999999998,
        "importance_answer_mean_diff": 1.286666666666667,
        "full_text_answer_mean_diff": 1.9466666666666672,
        "another_trial_answer_mean_diff": 1.9866666666666664,
        "overall_avg": 1.62
    },
    "biomedgpt7B": {
        "benefit_answer_mean_diff": 1.5,
        "rigor_answer_mean_diff": 0.7866666666666662,
        "importance_answer_mean_diff": 0.9866666666666672,
        "full_text_answer_mean_diff": 1.3600000000000003,
        "another_trial_answer_mean_diff": 1.42,
        "overall_avg": 1.2106666666666668
    },
    "alpacare-7B": {
        "benefit_answer_mean_diff": 1.9466666666666672,
        "rigor_answer_mean_diff": 0.8733333333333331,
        "importance_answer_mean_diff": 1.3399999999999999,
        "full_text_answer_mean_diff": 1.793333333333333,
        "another_trial_answer_mean_diff": 1.8933333333333335,
        "overall_avg": 1.5693333333333332
    },
    "gpt35": {
        "benefit_answer_mean_diff": 1.7400000000000002,
        "rigor_answer_mean_diff": 0.6866666666666665,
        "importance_answer_mean_diff": 1.086666666666667,
        "full_text_answer_mean_diff": 1.4799999999999995,
        "another_trial_answer_mean_diff": 1.7999999999999998,
        "overall_avg": 1.3586666666666667
    },
    "gpt4o": {
        "benefit_answer_mean_diff": 1.7800000000000002,
        "rigor_answer_mean_diff": 0.666666666666667,
        "importance_answer_mean_diff": 1.1800000000000006,
        "full_text_answer_mean_diff": 1.6799999999999997,
        "another_trial_answer_mean_diff": 1.873333333333333,
        "overall_avg": 1.4360000000000002
    },
    "gpt4o-mini": {
        "benefit_answer_mean_diff": 2.0733333333333337,
        "rigor_answer_mean_diff": 0.8066666666666666,
        "importance_answer_mean_diff": 1.38,
        "full_text_answer_mean_diff": 1.96,
        "another_trial_answer_mean_diff": 2.12,
        "overall_avg": 1.6680000000000001
    },
    "gemini_1.5_flash": {
        "benefit_answer_mean_diff": 1.913333333333334,
        "rigor_answer_mean_diff": 0.6533333333333333,
        "importance_answer_mean_diff": 1.2200000000000006,
        "full_text_answer_mean_diff": 1.626666666666667,
        "another_trial_answer_mean_diff": 1.8600000000000003,
        "overall_avg": 1.454666666666667
    },
    "gemini_1.5_flash-8B": {
        "benefit_answer_mean_diff": 1.9533333333333331,
        "rigor_answer_mean_diff": 0.746666666666667,
        "importance_answer_mean_diff": 1.3933333333333335,
        "full_text_answer_mean_diff": 1.7133333333333338,
        "another_trial_answer_mean_diff": 2.0133333333333336,
        "overall_avg": 1.5640000000000003
    },
    "claude_3.5-sonnet": {
        "benefit_answer_mean_diff": 1.5933333333333337,
        "rigor_answer_mean_diff": 0.47999999999999954,
        "importance_answer_mean_diff": 1.08,
        "full_text_answer_mean_diff": 1.3866666666666667,
        "another_trial_answer_mean_diff": 1.6133333333333333,
        "overall_avg": 1.2306666666666666
    },
    "claude_3.5-haiku": {
        "benefit_answer_mean_diff": 1.38,
        "rigor_answer_mean_diff": 0.54,
        "importance_answer_mean_diff": 0.8999999999999995,
        "full_text_answer_mean_diff": 1.2199999999999998,
        "another_trial_answer_mean_diff": 1.3133333333333335,
        "overall_avg": 1.0706666666666664
    }
}