{
    "benefit_answer_diff": 1.9799999999999995,
    "rigor_answer_diff": 0.7266666666666666,
    "importance_answer_diff": 1.3066666666666666,
    "full_text_answer_diff": 1.6799999999999997,
    "another_trial_answer_diff": 1.92,
    "overall_avg": 1.5226666666666664
}