{
    "benefit_answer_diff": 1.626666666666666,
    "rigor_answer_diff": 0.6466666666666665,
    "importance_answer_diff": 1.1799999999999997,
    "full_text_answer_diff": 1.5999999999999996,
    "another_trial_answer_diff": 1.7266666666666666,
    "overall_avg": 1.3559999999999997
}