{
    "benefit_answer_diff": 1.4733333333333327,
    "rigor_answer_diff": 0.5866666666666669,
    "importance_answer_diff": 1.04,
    "full_text_answer_diff": 1.326666666666667,
    "another_trial_answer_diff": 1.4266666666666667,
    "overall_avg": 1.1706666666666667
}