{
    "alpacare-7B": {
        "coef": 0.61955094537815,
        "ci_lower": 0.06008538607213376,
        "ci_upper": 1.1790165046841663,
        "p_value": 0.030117265897093355,
        "r_squared": 0.019049596870629126,
        "adjusted_r_squared": 0.015045717674182613
    },
    "biomedgpt7B": {
        "coef": 0.0,
        "ci_lower": 0.0,
        "ci_upper": 0.0,
        "p_value": null,
        "r_squared": null,
        "adjusted_r_squared": null
    },
    "biomistral7B": {
        "coef": 0.49013157894736625,
        "ci_lower": 0.3161702266214007,
        "ci_upper": 0.6640929312733318,
        "p_value": 6.440404588183653e-08,
        "r_squared": 0.0923844518145237,
        "adjusted_r_squared": 0.0893791023172209
    },
    "claude_3.5-haiku": {
        "coef": 1.6666666666666665,
        "ci_lower": -1.2599634436169485,
        "ci_upper": 4.5932967769502815,
        "p_value": 0.18900365845517533,
        "r_squared": 0.3846153846153847,
        "adjusted_r_squared": 0.23076923076923084
    },
    "claude_3.5-sonnet": {
        "coef": 1.0000000000000009,
        "ci_lower": -5.3447828860700834,
        "ci_upper": 7.344782886070085,
        "p_value": 0.6842706871094155,
        "r_squared": 0.045685279187817174,
        "adjusted_r_squared": -0.19289340101522856
    },
    "gemini_1.5_flash": {
        "coef": 1.677631578947369,
        "ci_lower": 1.2501879455368596,
        "ci_upper": 2.105075212357878,
        "p_value": 1.67965144665266e-13,
        "r_squared": 0.16494136686359018,
        "adjusted_r_squared": 0.16217627205188034
    },
    "gemini_1.5_flash-8B": {
        "coef": 1.592105263157894,
        "ci_lower": 1.2747260267715883,
        "ci_upper": 1.9094844995441997,
        "p_value": 4.209559873181202e-20,
        "r_squared": 0.24395567774722982,
        "adjusted_r_squared": 0.2414522197265253
    },
    "gpt4o": {
        "coef": 1.4802631578947363,
        "ci_lower": 1.1727259854268013,
        "ci_upper": 1.7878003303626713,
        "p_value": 8.306850303255351e-19,
        "r_squared": 0.22903198078167197,
        "adjusted_r_squared": 0.2264791065458498
    },
    "gpt4o-mini": {
        "coef": 2.1578947368421053,
        "ci_lower": 1.8128022100490437,
        "ci_upper": 2.502987263635167,
        "p_value": 1.7655233589987517e-28,
        "r_squared": 0.3339458654084927,
        "adjusted_r_squared": 0.3317403881416334
    },
    "gpt35": {
        "coef": 1.4407894736842093,
        "ci_lower": 1.1234889378567012,
        "ci_upper": 1.7580900095117173,
        "p_value": 4.0961896809987774e-17,
        "r_squared": 0.2091015708449777,
        "adjusted_r_squared": 0.20648270187426576
    },
    "llama2_chat-7B": {
        "coef": -0.1712864250177677,
        "ci_lower": -0.7807479834490062,
        "ci_upper": 0.4381751334134708,
        "p_value": 0.5804447286493108,
        "r_squared": 0.0011857647553866757,
        "adjusted_r_squared": -0.00268560824943731
    },
    "llama2_chat-13B": {
        "coef": 1.5,
        "ci_lower": 1.2046567529807295,
        "ci_upper": 1.7953432470192705,
        "p_value": 1.662928513992841e-20,
        "r_squared": 0.24854651162790697,
        "adjusted_r_squared": 0.24605825504389345
    },
    "llama2_chat-70B": {
        "coef": 0.3833899951432722,
        "ci_lower": 0.2202541165109163,
        "ci_upper": 0.5465258737756281,
        "p_value": 5.668709809104176e-06,
        "r_squared": 0.06983756280369668,
        "adjusted_r_squared": 0.06657383495388514
    },
    "llama3_instruct-8B": {
        "coef": 1.2631578947368416,
        "ci_lower": 1.000489091258256,
        "ci_upper": 1.5258266982154272,
        "p_value": 8.847835015902127e-19,
        "r_squared": 0.2287132398560615,
        "adjusted_r_squared": 0.22615931018671076
    },
    "llama3_instruct-70B": {
        "coef": 2.052631578947369,
        "ci_lower": 1.6062893168480126,
        "ci_upper": 2.4989738410467255,
        "p_value": 1.80505462169631e-17,
        "r_squared": 0.21333146323503638,
        "adjusted_r_squared": 0.21072660053051673
    },
    "med42-8B": {
        "coef": 1.657894736842106,
        "ci_lower": 1.4073507614946619,
        "ci_upper": 1.90843871218955,
        "p_value": 4.547572718934937e-31,
        "r_squared": 0.35957601014676577,
        "adjusted_r_squared": 0.3574554009088412
    },
    "med42-70B": {
        "coef": 2.6067445102823292,
        "ci_lower": 2.2408571687573082,
        "ci_upper": 2.9726318518073502,
        "p_value": 1.0248421307711441e-34,
        "r_squared": 0.3950493276176994,
        "adjusted_r_squared": 0.3930395247194194
    },
    "mistral_instruct7B": {
        "coef": 1.2499999999999991,
        "ci_lower": 1.027411555691242,
        "ci_upper": 1.4725884443087562,
        "p_value": 4.5517757700568485e-24,
        "r_squared": 0.287943081389784,
        "adjusted_r_squared": 0.2855852770235251
    },
    "olmo2_instruct-7B": {
        "coef": 1.5789473684210518,
        "ci_lower": 1.3180424302893752,
        "ci_upper": 1.8398523065527284,
        "p_value": 4.5529287777419284e-27,
        "r_squared": 0.3195526263231476,
        "adjusted_r_squared": 0.3172994893242177
    },
    "olmo2_instruct-13B": {
        "coef": 2.473684210526314,
        "ci_lower": 2.073045290722076,
        "ci_upper": 2.874323130330552,
        "p_value": 6.322041098301398e-28,
        "r_squared": 0.32833241985378125,
        "adjusted_r_squared": 0.32610835501886004
    },
    "openbiollm-8B": {
        "coef": 0.6131578947368431,
        "ci_lower": -0.8949380920424502,
        "ci_upper": 2.1212538815161364,
        "p_value": 0.4187013137119584,
        "r_squared": 0.01192690904361482,
        "adjusted_r_squared": -0.006038056246501222
    },
    "openbiollm-70B": {
        "coef": 1.4407894736842104,
        "ci_lower": 0.9265790384504208,
        "ci_upper": 1.954999908918,
        "p_value": 7.543799508545185e-08,
        "r_squared": 0.09146177507661402,
        "adjusted_r_squared": 0.08845337035832479
    }
}