{
    "alpacare-7B": {
        "coef": 1.4622641509433967,
        "ci_lower": -0.1398537490406404,
        "ci_upper": 3.064382050927434,
        "p_value": 0.07313730638680997,
        "r_squared": 0.03448499438433983,
        "adjusted_r_squared": 0.023990266062430488
    },
    "biomedgpt7B": {
        "coef": 0.018991596638654795,
        "ci_lower": -0.7457285528395464,
        "ci_upper": 0.783711746116856,
        "p_value": 0.9610235826852371,
        "r_squared": 9.888926920664787e-06,
        "adjusted_r_squared": -0.004122301614703616
    },
    "biomistral7B": {
        "coef": 0.6118421052631561,
        "ci_lower": 0.36763613608203394,
        "ci_upper": 0.8560480744442782,
        "p_value": 1.3568617703010543e-06,
        "r_squared": 0.07449419911630184,
        "adjusted_r_squared": 0.07142961037165396
    },
    "claude_3.5-haiku": {
        "coef": 1.6666666666666679,
        "ci_lower": -3.2305221847839602,
        "ci_upper": 6.563855518117296,
        "p_value": 0.39820792722870463,
        "r_squared": 0.18248175182481752,
        "adjusted_r_squared": -0.021897810218978186
    },
    "claude_3.5-sonnet": {
        "coef": 1.0000000000000004,
        "ci_lower": -3.4384543194183004,
        "ci_upper": 5.438454319418302,
        "p_value": 0.5655332664528661,
        "r_squared": 0.08910891089108897,
        "adjusted_r_squared": -0.13861386138613874
    },
    "gemini_1.5_flash": {
        "coef": 1.9539473684210513,
        "ci_lower": 1.5605538579768594,
        "ci_upper": 2.3473408788652432,
        "p_value": 8.758012555390615e-20,
        "r_squared": 0.24031548405552294,
        "adjusted_r_squared": 0.23779997241332274
    },
    "gemini_1.5_flash-8B": {
        "coef": 1.6118421052631566,
        "ci_lower": 1.251451612859271,
        "ci_upper": 1.9722325976670423,
        "p_value": 1.0667106530127528e-16,
        "r_squared": 0.2041340329947252,
        "adjusted_r_squared": 0.20149871522318463
    },
    "gpt4o": {
        "coef": 1.7697368421052624,
        "ci_lower": 1.4097778039135518,
        "ci_upper": 2.129695880296973,
        "p_value": 1.839589282678204e-19,
        "r_squared": 0.23661071927225874,
        "adjusted_r_squared": 0.23408294019700138
    },
    "gpt4o-mini": {
        "coef": 2.31578947368421,
        "ci_lower": 1.9085745830823382,
        "ci_upper": 2.723004364286082,
        "p_value": 1.4949096203135396e-24,
        "r_squared": 0.29313346960405784,
        "adjusted_r_squared": 0.29079285195374016
    },
    "gpt35": {
        "coef": 2.6776315789473673,
        "ci_lower": 2.2898993971459243,
        "ci_upper": 3.0653637607488102,
        "p_value": 3.774319134228154e-33,
        "r_squared": 0.37947022750024617,
        "adjusted_r_squared": 0.3774154931542205
    },
    "llama2_chat-7B": {
        "coef": 1.7148648648648668,
        "ci_lower": 1.3381044812087892,
        "ci_upper": 2.0916252485209443,
        "p_value": 3.7915348270831595e-17,
        "r_squared": 0.21326555628190358,
        "adjusted_r_squared": 0.21060766964772093
    },
    "llama2_chat-13B": {
        "coef": 2.442273730684326,
        "ci_lower": 2.0393065987385874,
        "ci_upper": 2.8452408626300647,
        "p_value": 4.3477234948200614e-27,
        "r_squared": 0.32238780203676376,
        "adjusted_r_squared": 0.3201215405051141
    },
    "llama2_chat-70B": {
        "coef": 1.7167832167832155,
        "ci_lower": 1.4179750625036411,
        "ci_upper": 2.01559137106279,
        "p_value": 9.934823571080835e-25,
        "r_squared": 0.3105029359071949,
        "adjusted_r_squared": 0.3080751293434878
    },
    "llama3_instruct-8B": {
        "coef": 1.690789473684211,
        "ci_lower": 1.4204384761781688,
        "ci_upper": 1.9611404711902534,
        "p_value": 1.738146516094993e-28,
        "r_squared": 0.3340143519618899,
        "adjusted_r_squared": 0.3318091014716975
    },
    "llama3_instruct-70B": {
        "coef": 2.657894736842105,
        "ci_lower": 2.1354470912969084,
        "ci_upper": 3.1803423823873014,
        "p_value": 1.46357662432506e-20,
        "r_squared": 0.24917560272600703,
        "adjusted_r_squared": 0.24668942922509984
    },
    "med42-8B": {
        "coef": 2.2368421052631575,
        "ci_lower": 1.9229620405152166,
        "ci_upper": 2.5507221700110985,
        "p_value": 9.404715130935396e-35,
        "r_squared": 0.3943831111232412,
        "adjusted_r_squared": 0.3923777571865632
    },
    "med42-70B": {
        "coef": 3.6841441441441445,
        "ci_lower": 2.9426704104746313,
        "ci_upper": 4.425617877813657,
        "p_value": 1.9508669230032037e-18,
        "r_squared": 0.3494044159654215,
        "adjusted_r_squared": 0.34576980376411093
    },
    "mistral_instruct7B": {
        "coef": 1.782894736842104,
        "ci_lower": 1.503728714240653,
        "ci_upper": 2.062060759443555,
        "p_value": 2.0100639890719094e-29,
        "r_squared": 0.34340208451204735,
        "adjusted_r_squared": 0.34122791922897466
    },
    "olmo2_instruct-7B": {
        "coef": 3.5001958480219373,
        "ci_lower": 2.9615570382951653,
        "ci_upper": 4.038834657748709,
        "p_value": 6.840003506284285e-30,
        "r_squared": 0.3655111678287768,
        "adjusted_r_squared": 0.36327705222254003
    },
    "olmo2_instruct-13B": {
        "coef": 2.999999999999998,
        "ci_lower": 2.4780540008983785,
        "ci_upper": 3.521945999101617,
        "p_value": 5.745529196795467e-25,
        "r_squared": 0.2975615340583858,
        "adjusted_r_squared": 0.2952355788731488
    },
    "openbiollm-8B": {
        "coef": 3.3296568627450993,
        "ci_lower": 2.7546570620831896,
        "ci_upper": 3.904656663407009,
        "p_value": 5.939453999358526e-25,
        "r_squared": 0.31853050214248246,
        "adjusted_r_squared": 0.31607917301349864
    },
    "openbiollm-70B": {
        "coef": 3.423026315789472,
        "ci_lower": 2.9711898326150927,
        "ci_upper": 3.8748627989638513,
        "p_value": 4.750469271607786e-38,
        "r_squared": 0.42393907251253427,
        "adjusted_r_squared": 0.4220315859976752
    }
}