{
    "benefit_answer_diff": -0.39199999999999946,
    "rigor_answer_diff": -0.109375,
    "importance_answer_diff": -0.12213740458015288,
    "full_text_answer_diff": -0.05645161290322509,
    "another_trial_answer_diff": -0.014388489208633004,
    "overall_avg": -0.1388705013384021
}