{
    "accuracy": 0.5373134328358209,
    "precision": 0.5409836065573771,
    "recall": 0.9166666666666666,
    "f1": 0.6804123711340206
}