{
    "benefit_answer_diff": -0.24134615384615454,
    "rigor_answer_diff": 0.028985507246376812,
    "importance_answer_diff": -0.13392857142857142,
    "full_text_answer_diff": 0.058823529411765385,
    "another_trial_answer_diff": -0.4,
    "overall_avg": -0.13749313772331676
}