{
    "benefit_answer_diff": -6.05,
    "rigor_answer_diff": 1.1428571428571428,
    "importance_answer_diff": -0.1081967213114754,
    "full_text_answer_diff": -1.0,
    "another_trial_answer_diff": -2.6,
    "overall_avg": -1.7230679156908666
}