{
    "benefit_answer_diff": -2.0533333333333337,
    "rigor_answer_diff": -0.8496503496503491,
    "importance_answer_diff": -1.8406593406593412,
    "full_text_answer_diff": -2.963636363636364,
    "another_trial_answer_diff": -1.404109589041096,
    "overall_avg": -1.8222777952640967
}