{
    "benefit_answer_diff": -0.753333333333333,
    "rigor_answer_diff": 0.006666666666666821,
    "importance_answer_diff": -0.49666666666666703,
    "full_text_answer_diff": -0.7333333333333334,
    "another_trial_answer_diff": -0.3633333333333333,
    "overall_avg": -0.46799999999999997
}