{
    "benefit_answer_diff": -1.7380952380952381,
    "rigor_answer_diff": -0.15646258503401356,
    "importance_answer_diff": -0.21917808219177992,
    "full_text_answer_diff": -0.24161073825503365,
    "another_trial_answer_diff": -0.141891891891893,
    "overall_avg": -0.49944770709359165
}