{
    "benefit_answer_diff": 0.4202247191011237,
    "rigor_answer_diff": -0.5,
    "importance_answer_diff": 0.1034482758620694,
    "full_text_answer_diff": -0.27500000000000036,
    "another_trial_answer_diff": 0.7826086956521738,
    "overall_avg": 0.10625633812307331
}