{
    "alpacare-7B": {
        "coef": 0.03162650602409631,
        "ci_lower": -0.27070139602639864,
        "ci_upper": 0.3339544080745912,
        "p_value": 0.8365953370613527,
        "r_squared": 0.0002650054371186039,
        "adjusted_r_squared": -0.005944528690601025
    },
    "biomistral7B": {
        "coef": 0.38825757575756914,
        "ci_lower": -0.15686736515475197,
        "ci_upper": 0.9333825166698902,
        "p_value": 0.1620022964678407,
        "r_squared": 0.007124156056623532,
        "adjusted_r_squared": 0.0035005215896769526
    },
    "claude_3.5-haiku": {
        "coef": 0.33333333333333337,
        "ci_lower": -0.9754954409850404,
        "ci_upper": 1.642162107651707,
        "p_value": 0.5185185185185183,
        "r_squared": 0.11111111111111116,
        "adjusted_r_squared": -0.11111111111111116
    },
    "claude_3.5-sonnet": {
        "coef": 0.3333333333333328,
        "ci_lower": -1.7361066636729447,
        "ci_upper": 2.4027733303396106,
        "p_value": 0.6778688286992491,
        "r_squared": 0.04761904761904767,
        "adjusted_r_squared": -0.19047619047619047
    },
    "gemini_1.5_flash": {
        "coef": 1.855263157894737,
        "ci_lower": 1.4598250807617084,
        "ci_upper": 2.2507012350277655,
        "p_value": 4.803269040167022e-18,
        "r_squared": 0.2201197976062622,
        "adjusted_r_squared": 0.21753741283012407
    },
    "gemini_1.5_flash-8B": {
        "coef": 2.1381578947368403,
        "ci_lower": 1.7326433737444638,
        "ci_upper": 2.5436724157292168,
        "p_value": 8.975852272734469e-22,
        "r_squared": 0.26280170880202225,
        "adjusted_r_squared": 0.26036065485765814
    },
    "gpt4o": {
        "coef": 1.5328947368421044,
        "ci_lower": 1.2270513787766195,
        "ci_upper": 1.8387380949075893,
        "p_value": 4.492556745817053e-20,
        "r_squared": 0.24363306721237177,
        "adjusted_r_squared": 0.24112854094486313
    },
    "gpt4o-mini": {
        "coef": 2.5328947368421044,
        "ci_lower": 2.1565519339263,
        "ci_upper": 2.9092375397579087,
        "p_value": 7.001306427539061e-32,
        "r_squared": 0.3674183177458895,
        "adjusted_r_squared": 0.36532367641392227
    },
    "gpt35": {
        "coef": 1.2565789473684201,
        "ci_lower": 0.9733471478156506,
        "ci_upper": 1.5398107469211897,
        "p_value": 1.758847564806681e-16,
        "r_squared": 0.2015268778000585,
        "adjusted_r_squared": 0.19888292706429722
    },
    "llama2_chat-7B": {
        "coef": 0.2828947368421032,
        "ci_lower": 0.1159293027391595,
        "ci_upper": 0.44986017094504693,
        "p_value": 0.000962112515056713,
        "r_squared": 0.03550375391232552,
        "adjusted_r_squared": 0.03231005773322737
    },
    "llama2_chat-13B": {
        "coef": 1.592105263157894,
        "ci_lower": 1.2725233332326433,
        "ci_upper": 1.9116871930831447,
        "p_value": 7.024170155294854e-20,
        "r_squared": 0.2414134252312562,
        "adjusted_r_squared": 0.23890154915586304
    },
    "llama2_chat-70B": {
        "coef": 0.5197368421052626,
        "ci_lower": 0.37179111615610383,
        "ci_upper": 0.6676825680544214,
        "p_value": 2.8258391041054356e-11,
        "r_squared": 0.13662733422360396,
        "adjusted_r_squared": 0.13376848433692723
    },
    "llama3_instruct-8B": {
        "coef": 0.8684210526315779,
        "ci_lower": 0.6488147123139534,
        "ci_upper": 1.0880273929492024,
        "p_value": 1.1449714850118007e-13,
        "r_squared": 0.1670245398773006,
        "adjusted_r_squared": 0.16426634298947718
    },
    "llama3_instruct-70B": {
        "coef": 1.6513157894736843,
        "ci_lower": 1.3020874943939502,
        "ci_upper": 2.000544084553418,
        "p_value": 2.8313382477326635e-18,
        "r_squared": 0.22281441975448368,
        "adjusted_r_squared": 0.22024095756824036
    },
    "med42-8B": {
        "coef": 1.1315789473684204,
        "ci_lower": 0.9239016492720807,
        "ci_upper": 1.3392562454647599,
        "p_value": 6.070894186557346e-23,
        "r_squared": 0.2757232329257382,
        "adjusted_r_squared": 0.273324965485095
    },
    "med42-70B": {
        "coef": 2.3480154673541067,
        "ci_lower": 1.9669611983665543,
        "ci_upper": 2.729069736341659,
        "p_value": 8.864450837301606e-28,
        "r_squared": 0.330409362172584,
        "adjusted_r_squared": 0.32816241372349864
    },
    "mistral_instruct7B": {
        "coef": 1.5855263157894726,
        "ci_lower": 1.3333682543642924,
        "ci_upper": 1.8376843772146527,
        "p_value": 1.004082514826897e-28,
        "r_squared": 0.3364147653883356,
        "adjusted_r_squared": 0.33421746328697255
    },
    "olmo2_instruct-7B": {
        "coef": 2.1578947368421026,
        "ci_lower": 1.852634434559019,
        "ci_upper": 2.463155039125186,
        "p_value": 2.4640600701666814e-34,
        "r_squared": 0.39052721755165465,
        "adjusted_r_squared": 0.3885090957554681
    },
    "olmo2_instruct-13B": {
        "coef": 3.039473684210526,
        "ci_lower": 2.454227976220392,
        "ci_upper": 3.62471939220066,
        "p_value": 2.9765981703577025e-21,
        "r_squared": 0.25697939291200944,
        "adjusted_r_squared": 0.25451905977595657
    },
    "openbiollm-8B": {
        "coef": 4.559222846441945,
        "ci_lower": 3.663793813113935,
        "ci_upper": 5.454651879769955,
        "p_value": 3.446401196996841e-19,
        "r_squared": 0.3554530160680396,
        "adjusted_r_squared": 0.35193090140174477
    },
    "openbiollm-70B": {
        "coef": 0.7649031648559271,
        "ci_lower": 0.5379257867978917,
        "ci_upper": 0.9918805429139625,
        "p_value": 1.6184247309667607e-10,
        "r_squared": 0.13211533565696765,
        "adjusted_r_squared": 0.12911227453467333
    }
}