{
    "alpacare-7B": {
        "coef": -2.020535714285714,
        "ci_lower": -3.548797050709503,
        "ci_upper": -0.49227437786192496,
        "p_value": 0.010356767091409673,
        "r_squared": 0.09687030891548176,
        "adjusted_r_squared": 0.08297600597571997
    },
    "biomedgpt7B": {
        "coef": 0.0,
        "ci_lower": 0.0,
        "ci_upper": 0.0,
        "p_value": null,
        "r_squared": null,
        "adjusted_r_squared": null
    },
    "biomistral7B": {
        "coef": 0.7828947368421035,
        "ci_lower": 0.5316451176958297,
        "ci_upper": 1.0341443559883774,
        "p_value": 2.714721910979701e-09,
        "r_squared": 0.1107167150105941,
        "adjusted_r_squared": 0.1077720683715564
    },
    "claude_3.5-haiku": {
        "coef": 0.33333333333333337,
        "ci_lower": -0.9754954409850404,
        "ci_upper": 1.642162107651707,
        "p_value": 0.5185185185185183,
        "r_squared": 0.11111111111111116,
        "adjusted_r_squared": -0.11111111111111116
    },
    "claude_3.5-sonnet": {
        "coef": -0.33333333333333304,
        "ci_lower": -1.6421621076517068,
        "ci_upper": 0.9754954409850407,
        "p_value": 0.5185185185185183,
        "r_squared": 0.11111111111111116,
        "adjusted_r_squared": -0.11111111111111116
    },
    "gemini_1.5_flash": {
        "coef": 1.1184210526315783,
        "ci_lower": 0.788637723945711,
        "ci_upper": 1.4482043813174457,
        "p_value": 1.1923994064039383e-10,
        "r_squared": 0.1285244151916748,
        "adjusted_r_squared": 0.12563873444727647
    },
    "gemini_1.5_flash-8B": {
        "coef": 0.8289473684210515,
        "ci_lower": 0.5911596334740359,
        "ci_upper": 1.0667351033680672,
        "p_value": 3.8990328217896086e-11,
        "r_squared": 0.13482115560990504,
        "adjusted_r_squared": 0.13195632499934185
    },
    "gpt4o": {
        "coef": 0.526315789473683,
        "ci_lower": 0.33246043429857863,
        "ci_upper": 0.7201711446487873,
        "p_value": 1.8062819628466376e-07,
        "r_squared": 0.08635578583765136,
        "adjusted_r_squared": 0.08333047387022641
    },
    "gpt4o-mini": {
        "coef": 1.5065789473684208,
        "ci_lower": 1.2154315952103028,
        "ci_upper": 1.7977262995265388,
        "p_value": 3.9558645972917295e-21,
        "r_squared": 0.2555915681735105,
        "adjusted_r_squared": 0.25312663959130366
    },
    "gpt35": {
        "coef": 0.9999999999999991,
        "ci_lower": 0.7452384079848757,
        "ci_upper": 1.2547615920151225,
        "p_value": 1.6702206711080827e-13,
        "r_squared": 0.16497200959670977,
        "adjusted_r_squared": 0.16220701625100353
    },
    "llama2_chat-7B": {
        "coef": 0.9802631578947353,
        "ci_lower": 0.7991516398950358,
        "ci_upper": 1.1613746758944348,
        "p_value": 1.0606127960111435e-22,
        "r_squared": 0.2730649545527226,
        "adjusted_r_squared": 0.2706578848658112
    },
    "llama2_chat-13B": {
        "coef": 1.2039473684210522,
        "ci_lower": 0.953609488146032,
        "ci_upper": 1.4542852486960725,
        "p_value": 8.802732892646398e-19,
        "r_squared": 0.22873906302294278,
        "adjusted_r_squared": 0.22618521886076715
    },
    "llama2_chat-70B": {
        "coef": 0.5921052631578934,
        "ci_lower": 0.4558165590692963,
        "ci_upper": 0.7283939672464904,
        "p_value": 6.272831174841582e-16,
        "r_squared": 0.19486143187066973,
        "adjusted_r_squared": 0.19219541012189723
    },
    "llama3_instruct-8B": {
        "coef": 0.677631578947367,
        "ci_lower": 0.5100953892513964,
        "ci_upper": 0.8451677686433376,
        "p_value": 3.5258885667789144e-14,
        "r_squared": 0.17339783926907792,
        "adjusted_r_squared": 0.17066074602162462
    },
    "llama3_instruct-70B": {
        "coef": 0.7763157894736833,
        "ci_lower": 0.5612343202988823,
        "ci_upper": 0.9913972586484843,
        "p_value": 8.810222877176451e-12,
        "r_squared": 0.1431391093383778,
        "adjusted_r_squared": 0.14030182162095528
    },
    "med42-8B": {
        "coef": 0.934210526315788,
        "ci_lower": 0.747744984539974,
        "ci_upper": 1.1206760680916021,
        "p_value": 4.6228379770476624e-20,
        "r_squared": 0.24349128145679388,
        "adjusted_r_squared": 0.24098628570002834
    },
    "med42-70B": {
        "coef": 0.5921052631578931,
        "ci_lower": 0.38300577481880677,
        "ci_upper": 0.8012047514969796,
        "p_value": 5.569061869649452e-08,
        "r_squared": 0.09323204419889497,
        "adjusted_r_squared": 0.0902295012988914
    },
    "mistral_instruct7B": {
        "coef": 1.6184210526315788,
        "ci_lower": 1.355870598903102,
        "ci_upper": 1.8809715063600556,
        "p_value": 7.445355969817653e-28,
        "r_squared": 0.32760935469900376,
        "adjusted_r_squared": 0.32538289560860323
    },
    "olmo2_instruct-7B": {
        "coef": 1.0986842105263142,
        "ci_lower": 0.8922425633177719,
        "ci_upper": 1.3051258577348563,
        "p_value": 4.237912920282111e-22,
        "r_squared": 0.26642402009954236,
        "adjusted_r_squared": 0.2639949605634482
    },
    "olmo2_instruct-13B": {
        "coef": 1.7960526315789462,
        "ci_lower": 1.4527353576981517,
        "ci_upper": 2.139369905459741,
        "p_value": 1.67728390428709e-21,
        "r_squared": 0.25977072390320055,
        "adjusted_r_squared": 0.2573196335849993
    },
    "openbiollm-8B": {
        "coef": 2.3475921442023133,
        "ci_lower": 1.2115319479851527,
        "ci_upper": 3.483652340419474,
        "p_value": 7.801233255493744e-05,
        "r_squared": 0.12241889999945899,
        "adjusted_r_squared": 0.11510572416612119
    },
    "openbiollm-70B": {
        "coef": 0.7039517253398399,
        "ci_lower": 0.5017353742783627,
        "ci_upper": 0.906168076401317,
        "p_value": 4.152667107761527e-11,
        "r_squared": 0.13488301162602834,
        "adjusted_r_squared": 0.13200886880751028
    }
}