{
    "benefit_answer_diff": -1.162698412698413,
    "rigor_answer_diff": -1.0133333333333328,
    "importance_answer_diff": -0.7866666666666662,
    "full_text_answer_diff": -0.16000000000000014,
    "another_trial_answer_diff": -0.06666666666666643,
    "overall_avg": -0.6378730158730157
}