{
    "benefit_answer_diff": -1.391156462585034,
    "rigor_answer_diff": -0.1466666666666665,
    "importance_answer_diff": -0.5666666666666664,
    "full_text_answer_diff": -0.14000000000000057,
    "another_trial_answer_diff": -0.5897435897435894,
    "overall_avg": -0.5668466771323913
}