{
    "benefit_answer_diff": -2.1768707482993204,
    "rigor_answer_diff": -1.3866666666666658,
    "importance_answer_diff": -0.413333333333334,
    "full_text_answer_diff": -0.6733333333333329,
    "another_trial_answer_diff": -2.311111111111111,
    "overall_avg": -1.3922630385487529
}