{
    "accuracy": 0.35333333333333333,
    "precision": 0.041666666666666664,
    "recall": 0.013333333333333334,
    "f1": 0.020202020202020204
}