{
    "benefit_answer_diff": -0.5799999999999998,
    "rigor_answer_diff": 0.4666666666666668,
    "importance_answer_diff": -1.733333333333333,
    "full_text_answer_diff": 0.06666666666666732,
    "another_trial_answer_diff": -0.5733333333333333,
    "overall_avg": -0.4706666666666664
}