{
    "benefit_answer_diff": -1.3154362416107377,
    "rigor_answer_diff": -0.026666666666667282,
    "importance_answer_diff": -0.4066666666666672,
    "full_text_answer_diff": -0.2933333333333339,
    "another_trial_answer_diff": -0.9733333333333336,
    "overall_avg": -0.6030872483221479
}