{
    "benefit_answer_diff": -1.9733333333333336,
    "rigor_answer_diff": -1.6600000000000001,
    "importance_answer_diff": -1.3666666666666667,
    "full_text_answer_diff": -1.9599999999999995,
    "another_trial_answer_diff": -2.0599999999999996,
    "overall_avg": -1.8039999999999998
}