{
    "benefit_answer_diff": -0.6333333333333333,
    "rigor_answer_diff": -0.24666666666666615,
    "importance_answer_diff": -0.6666666666666665,
    "full_text_answer_diff": -0.6666666666666665,
    "another_trial_answer_diff": -0.7000000000000002,
    "overall_avg": -0.5826666666666666
}