{
    "benefit_answer_diff": -2.5533333333333332,
    "rigor_answer_diff": -0.33333333333333304,
    "importance_answer_diff": -1.224489795918367,
    "full_text_answer_diff": -1.063380281690141,
    "another_trial_answer_diff": -2.1466666666666665,
    "overall_avg": -1.4642406821883682
}