{
    "accuracy": 0.3933333333333333,
    "precision": 0.4252336448598131,
    "recall": 0.6066666666666667,
    "f1": 0.5
}