{
    "benefit_answer_diff": -0.8799999999999999,
    "rigor_answer_diff": -0.19333333333333336,
    "importance_answer_diff": -0.033333333333333215,
    "full_text_answer_diff": -0.033333333333333215,
    "another_trial_answer_diff": -0.006666666666666821,
    "overall_avg": -0.2293333333333333
}