{
    "accuracy": 0.4033333333333333,
    "precision": 0.08571428571428572,
    "recall": 0.02,
    "f1": 0.032432432432432434
}