{
    "benefit_answer_diff": -1.1455223880597014,
    "rigor_answer_diff": -0.08666666666666689,
    "importance_answer_diff": -0.3733333333333331,
    "full_text_answer_diff": -0.2599999999999998,
    "another_trial_answer_diff": -0.2847222222222223,
    "overall_avg": -0.4300489220563847
}