{
    "benefit_answer_diff": -2.4444444444444446,
    "rigor_answer_diff": 0.020270270270270174,
    "importance_answer_diff": -1.056338028169014,
    "full_text_answer_diff": -0.3194444444444444,
    "another_trial_answer_diff": -1.563758389261745,
    "overall_avg": -1.0727430072098756
}