{
    "benefit_answer_diff": -1.87248322147651,
    "rigor_answer_diff": -0.16666666666666696,
    "importance_answer_diff": -0.873333333333334,
    "full_text_answer_diff": -1.1733333333333338,
    "another_trial_answer_diff": -1.12,
    "overall_avg": -1.041163310961969
}