{
    "benefit_answer_diff": -2.0733333333333333,
    "rigor_answer_diff": 0.35999999999999943,
    "importance_answer_diff": -0.5866666666666669,
    "full_text_answer_diff": 0.45333333333333403,
    "another_trial_answer_diff": -1.6799999999999997,
    "overall_avg": -0.7053333333333333
}