{
    "benefit_answer_diff": -0.21333333333333293,
    "rigor_answer_diff": 0.13422818791946334,
    "importance_answer_diff": -0.28859060402684555,
    "full_text_answer_diff": -0.20805369127516737,
    "another_trial_answer_diff": -0.28000000000000025,
    "overall_avg": -0.17114988814317655
}