{
    "accuracy": 0.4033333333333333,
    "precision": 0.43612334801762115,
    "recall": 0.66,
    "f1": 0.5251989389920424
}