{
    "benefit_answer_diff": -1.4733333333333336,
    "rigor_answer_diff": -0.3866666666666667,
    "importance_answer_diff": -1.0199999999999996,
    "full_text_answer_diff": -1.5933333333333328,
    "another_trial_answer_diff": -1.626666666666666,
    "overall_avg": -1.2199999999999998
}