{
    "benefit_answer_diff": -2.9703518518518517,
    "rigor_answer_diff": -1.6369863013698627,
    "importance_answer_diff": -3.579365079365079,
    "full_text_answer_diff": -4.5,
    "another_trial_answer_diff": -3.63758389261745,
    "overall_avg": -3.264857425040849
}