{
    "benefit_answer_diff": -2.0352941176470587,
    "rigor_answer_diff": 0.040000000000000036,
    "importance_answer_diff": -0.6034482758620685,
    "full_text_answer_diff": -1.8253968253968251,
    "another_trial_answer_diff": -2.137931034482758,
    "overall_avg": -1.312414050677742
}