{
    "benefit_answer_diff": -1.626666666666667,
    "rigor_answer_diff": -0.28000000000000025,
    "importance_answer_diff": -0.8933333333333335,
    "full_text_answer_diff": -0.6333333333333337,
    "another_trial_answer_diff": -1.3933333333333335,
    "overall_avg": -0.9653333333333336
}