{
    "accuracy": 0.43333333333333335,
    "precision": 0.2222222222222222,
    "recall": 0.05333333333333334,
    "f1": 0.08602150537634409
}