{
    "benefit_answer_diff": -2.3533333333333335,
    "rigor_answer_diff": -0.2666666666666675,
    "importance_answer_diff": -1.8666666666666671,
    "full_text_answer_diff": -1.673333333333333,
    "another_trial_answer_diff": -2.533333333333333,
    "overall_avg": -1.7386666666666668
}