{
    "benefit_answer_diff": -2.167785234899329,
    "rigor_answer_diff": 0.013333333333333641,
    "importance_answer_diff": -0.9866666666666664,
    "full_text_answer_diff": -0.33333333333333304,
    "another_trial_answer_diff": -1.4266666666666667,
    "overall_avg": -0.9802237136465324
}