{
    "benefit_answer_diff": -0.6533333333333333,
    "rigor_answer_diff": 0.15333333333333332,
    "importance_answer_diff": -0.873333333333334,
    "full_text_answer_diff": -1.193333333333333,
    "another_trial_answer_diff": -1.2466666666666666,
    "overall_avg": -0.7626666666666667
}