{
    "benefit_answer_diff": -1.6333333333333337,
    "rigor_answer_diff": -0.05333333333333368,
    "importance_answer_diff": -1.3933333333333335,
    "full_text_answer_diff": -1.253333333333333,
    "another_trial_answer_diff": -1.08,
    "overall_avg": -1.0826666666666669
}