{
    "benefit_answer_diff": -1.1133333333333333,
    "rigor_answer_diff": 0.019999999999999574,
    "importance_answer_diff": -0.9866666666666664,
    "full_text_answer_diff": -0.39333333333333353,
    "another_trial_answer_diff": -1.413333333333333,
    "overall_avg": -0.7773333333333333
}