{
    "benefit_answer_diff": -1.7364864864864868,
    "rigor_answer_diff": -0.24666666666666615,
    "importance_answer_diff": -1.9933333333333332,
    "full_text_answer_diff": -1.2666666666666666,
    "another_trial_answer_diff": -1.706666666666667,
    "overall_avg": -1.389963963963964
}