{
    "benefit_answer_diff": -0.3266666666666662,
    "rigor_answer_diff": 0.6600000000000001,
    "importance_answer_diff": -0.05333333333333279,
    "full_text_answer_diff": -0.06666666666666643,
    "another_trial_answer_diff": -0.4733333333333336,
    "overall_avg": -0.05199999999999978
}