{
    "benefit_answer_diff": -4.835051546391753,
    "rigor_answer_diff": -1.92,
    "importance_answer_diff": -1.833333333333334,
    "full_text_answer_diff": -2.8,
    "another_trial_answer_diff": -1.7956204379562042,
    "overall_avg": -2.636801063536258
}