{
    "benefit_answer_diff": -2.351851851851852,
    "rigor_answer_diff": -0.24666666666666615,
    "importance_answer_diff": -0.8466666666666667,
    "full_text_answer_diff": -1.6733333333333338,
    "another_trial_answer_diff": -1.166666666666667,
    "overall_avg": -1.2570370370370372
}