{
    "benefit_answer_diff": -0.7866666666666662,
    "rigor_answer_diff": 0.11333333333333329,
    "importance_answer_diff": -0.8399999999999999,
    "full_text_answer_diff": -0.6399999999999997,
    "another_trial_answer_diff": -0.7733333333333334,
    "overall_avg": -0.5853333333333332
}