{
    "benefit_answer_diff": -2.82,
    "rigor_answer_diff": -3.2333333333333334,
    "importance_answer_diff": -2.3799999999999994,
    "full_text_answer_diff": -2.8399999999999994,
    "another_trial_answer_diff": -2.6466666666666674,
    "overall_avg": -2.784
}