{
    "benefit_answer_diff": -2.2533333333333334,
    "rigor_answer_diff": -0.4400000000000004,
    "importance_answer_diff": -1.38,
    "full_text_answer_diff": -1.8599999999999994,
    "another_trial_answer_diff": -2.0666666666666664,
    "overall_avg": -1.5999999999999999
}