{
    "accuracy": 0.4766666666666667,
    "precision": 0.480225988700565,
    "recall": 0.5666666666666667,
    "f1": 0.5198776758409785
}