{
    "accuracy": 0.4633333333333333,
    "precision": 0.13333333333333333,
    "recall": 0.013333333333333334,
    "f1": 0.024242424242424242
}