{
    "accuracy": 0.38666666666666666,
    "precision": 0.24242424242424243,
    "recall": 0.10666666666666667,
    "f1": 0.14814814814814814
}