{
    "benefit_answer_diff": -2.929200000000001,
    "rigor_answer_diff": 0.0,
    "importance_answer_diff": -0.33812949640287737,
    "full_text_answer_diff": -0.4754098360655732,
    "another_trial_answer_diff": -1.6866666666666674,
    "overall_avg": -1.085881199827024
}