{
    "benefit_answer_diff": -1.8200000000000003,
    "rigor_answer_diff": 0.013333333333332753,
    "importance_answer_diff": -0.5733333333333333,
    "full_text_answer_diff": -0.4666666666666668,
    "another_trial_answer_diff": -1.2866666666666662,
    "overall_avg": -0.8266666666666668
}