{
    "benefit_answer_diff": -0.3174603174603172,
    "rigor_answer_diff": -0.7819148936170217,
    "importance_answer_diff": -1.0192307692307692,
    "full_text_answer_diff": -1.54051282051282,
    "another_trial_answer_diff": -1.1969696969696972,
    "overall_avg": -0.9712176995581251
}