{
    "benefit_answer_diff": -3.057866666666667,
    "rigor_answer_diff": -0.6066666666666674,
    "importance_answer_diff": -1.413333333333334,
    "full_text_answer_diff": -0.4400000000000004,
    "another_trial_answer_diff": -2.0933333333333337,
    "overall_avg": -1.5222400000000005
}