{
    "benefit_answer_diff": -3.557692307692308,
    "rigor_answer_diff": -1.21875,
    "importance_answer_diff": -2.8571428571428577,
    "full_text_answer_diff": -4.846153846153846,
    "another_trial_answer_diff": 1.1666666666666667,
    "overall_avg": -2.262614468864469
}