{
    "benefit_answer_diff": -2.0751879699248112,
    "rigor_answer_diff": -0.47058823529411686,
    "importance_answer_diff": -1.4594594594594597,
    "full_text_answer_diff": -3.2727272727272725,
    "another_trial_answer_diff": 1.6,
    "overall_avg": -1.1355925874811321
}