{
    "accuracy": 0.42857142857142855,
    "precision": 0.42857142857142855,
    "recall": 1.0,
    "f1": 0.6
}