{
    "alpacare-7B": {
        "coef": 0.0646853146853139,
        "ci_lower": -0.16139338784118318,
        "ci_upper": 0.290764017211811,
        "p_value": 0.5735649761852755,
        "r_squared": 0.001294675281442892,
        "adjusted_r_squared": -0.002781672982714589
    },
    "biomedgpt7B": {
        "coef": -0.40000000000000036,
        "ci_lower": -0.9629819831332482,
        "ci_upper": 0.16298198313324752,
        "p_value": 0.1611942696385648,
        "r_squared": 0.02500992457324347,
        "adjusted_r_squared": 0.012510051811362
    },
    "biomistral7B": {
        "coef": 0.013157894736840106,
        "ci_lower": -0.11098368917389885,
        "ci_upper": 0.13729947864757908,
        "p_value": 0.8349210386353851,
        "r_squared": 0.0001440299582313731,
        "adjusted_r_squared": -0.003166751399522827
    },
    "claude_3.5-haiku": {
        "coef": -8.881784197001252e-16,
        "ci_lower": -2.631888628348343e-15,
        "ci_upper": 8.555317889480926e-16,
        "p_value": 1.0,
        "r_squared": "-Infinity",
        "adjusted_r_squared": "-Infinity"
    },
    "claude_3.5-sonnet": {
        "coef": -8.881784197001252e-16,
        "ci_lower": -2.631888628348343e-15,
        "ci_upper": 8.555317889480926e-16,
        "p_value": 1.0,
        "r_squared": "-Infinity",
        "adjusted_r_squared": "-Infinity"
    },
    "gemini_1.5_flash": {
        "coef": 0.06578947368420844,
        "ci_lower": -0.0973051462992834,
        "ci_upper": 0.2288840936677003,
        "p_value": 0.42793755800352684,
        "r_squared": 0.002082118764054397,
        "adjusted_r_squared": -0.0012222450810976948
    },
    "gemini_1.5_flash-8B": {
        "coef": -0.09210526315789658,
        "ci_lower": -0.23343969322777214,
        "ci_upper": 0.04922916691197898,
        "p_value": 0.20068064870427424,
        "r_squared": 0.005416160053056229,
        "adjusted_r_squared": 0.002122836079722079
    },
    "gpt4o": {
        "coef": 0.15789473684210303,
        "ci_lower": 0.060464484849140424,
        "ci_upper": 0.25532498883506566,
        "p_value": 0.0015771321094697611,
        "r_squared": 0.032579185520361986,
        "adjusted_r_squared": 0.029375805339965977
    },
    "gpt4o-mini": {
        "coef": 0.6578947368421039,
        "ci_lower": 0.45371567287769077,
        "ci_upper": 0.862073800806517,
        "p_value": 8.324341658647666e-10,
        "r_squared": 0.11748672400018811,
        "adjusted_r_squared": 0.11456449460946039
    },
    "gpt35": {
        "coef": 0.35526315789473517,
        "ci_lower": 0.19521191014919306,
        "ci_upper": 0.5153144056402773,
        "p_value": 1.7254854033129397e-05,
        "r_squared": 0.05942288881643276,
        "adjusted_r_squared": 0.05630839507079188
    },
    "llama2_chat-7B": {
        "coef": 0.15789473684210362,
        "ci_lower": -0.04687061299641668,
        "ci_upper": 0.3626600866806239,
        "p_value": 0.13020902038784463,
        "r_squared": 0.0075666018601231455,
        "adjusted_r_squared": 0.004280398555024267
    },
    "llama2_chat-13B": {
        "coef": 0.32236842105262975,
        "ci_lower": 0.11508969253847925,
        "ci_upper": 0.5296471495667803,
        "p_value": 0.002408267040107984,
        "r_squared": 0.030082064774791806,
        "adjusted_r_squared": 0.026870415982655493
    },
    "llama2_chat-70B": {
        "coef": 0.1381578947368398,
        "ci_lower": 0.025082693623623434,
        "ci_upper": 0.25123309585005615,
        "p_value": 0.016802578313198598,
        "r_squared": 0.018782742024788246,
        "adjusted_r_squared": 0.015533678256658523
    },
    "llama3_instruct-8B": {
        "coef": 0.06578947368420841,
        "ci_lower": -0.010737118325446035,
        "ci_upper": 0.14231606569386285,
        "p_value": 0.09172524197965132,
        "r_squared": 0.009387908374013931,
        "adjusted_r_squared": 0.006107735885186205
    },
    "llama3_instruct-70B": {
        "coef": 0.03947368421052432,
        "ci_lower": -0.046247660347513174,
        "ci_upper": 0.1251950287685618,
        "p_value": 0.3655671315330733,
        "r_squared": 0.002711660138596028,
        "adjusted_r_squared": -0.000590619132468051
    },
    "med42-8B": {
        "coef": 0.23684210526315574,
        "ci_lower": 0.13254481683973174,
        "ci_upper": 0.34113939368657975,
        "p_value": 1.1143196932687054e-05,
        "r_squared": 0.06202143950995398,
        "adjusted_r_squared": 0.05891555023680817
    },
    "med42-70B": {
        "coef": -1.9012569296705806e-15,
        "ci_lower": -3.722742388156328e-15,
        "ci_upper": -7.977147118483343e-17,
        "p_value": 1.0,
        "r_squared": "-Infinity",
        "adjusted_r_squared": "-Infinity"
    },
    "mistral_instruct7B": {
        "coef": 0.04605263157894539,
        "ci_lower": -0.024362817917178287,
        "ci_upper": 0.11646808107506906,
        "p_value": 0.19907985911417433,
        "r_squared": 0.005454747857063236,
        "adjusted_r_squared": 0.00216155165791454
    },
    "olmo2_instruct-7B": {
        "coef": 0.4276315789473665,
        "ci_lower": 0.3024083343774656,
        "ci_upper": 0.5528548235172673,
        "p_value": 9.045972658482153e-11,
        "r_squared": 0.13008405431201675,
        "adjusted_r_squared": 0.1272035379355666
    },
    "olmo2_instruct-13B": {
        "coef": 0.7828947368421036,
        "ci_lower": 0.5359406803868494,
        "ci_upper": 1.029848793297358,
        "p_value": 1.4898280076746202e-09,
        "r_squared": 0.1141583432086225,
        "adjusted_r_squared": 0.1112250926894458
    },
    "openbiollm-8B": {
        "coef": 0.17027292844848976,
        "ci_lower": -0.32565161216579885,
        "ci_upper": 0.6661974690627783,
        "p_value": 0.49894866975425434,
        "r_squared": 0.002557898454392027,
        "adjusted_r_squared": -0.003014403788879516
    },
    "openbiollm-70B": {
        "coef": -0.00328947368421241,
        "ci_lower": -0.009762665221599657,
        "ci_upper": 0.003183717853174837,
        "p_value": 0.3181110717939539,
        "r_squared": 0.0033003300330031182,
        "adjusted_r_squared": 0.0
    }
}