{
    "benefit_answer_diff": 1.5,
    "rigor_answer_diff": 0.7866666666666662,
    "importance_answer_diff": 0.9866666666666672,
    "full_text_answer_diff": 1.3600000000000003,
    "another_trial_answer_diff": 1.42,
    "overall_avg": 1.2106666666666668
}