{
    "benefit_answer_diff": 1.173333333333333,
    "rigor_answer_diff": -0.046666666666666856,
    "importance_answer_diff": 0.33333333333333304,
    "full_text_answer_diff": 1.04,
    "another_trial_answer_diff": 1.1733333333333338,
    "overall_avg": 0.7346666666666666
}