{
    "benefit_answer_diff": -0.10526315789473717,
    "rigor_answer_diff": 1.625,
    "importance_answer_diff": 1.4782608695652169,
    "full_text_answer_diff": 1.625,
    "another_trial_answer_diff": 1.571428571428572,
    "overall_avg": 1.2388852566198103
}