{
    "benefit_answer_diff": 2.833333333333333,
    "rigor_answer_diff": -1.06896551724138,
    "importance_answer_diff": -0.7777777777777777,
    "full_text_answer_diff": -0.5714285714285721,
    "another_trial_answer_diff": 0.33333333333333304,
    "overall_avg": 0.1496989600437873
}