{
    "benefit_answer_diff": 3.304347826086956,
    "rigor_answer_diff": -0.06896551724137989,
    "importance_answer_diff": 1.5185185185185182,
    "full_text_answer_diff": 2.518518518518519,
    "another_trial_answer_diff": 1.7999999999999998,
    "overall_avg": 1.8144838691765226
}