{
    "benefit_answer_diff": 2.7368421052631575,
    "rigor_answer_diff": 0.2142857142857144,
    "importance_answer_diff": 1.5925925925925926,
    "full_text_answer_diff": 2.4399999999999995,
    "another_trial_answer_diff": 0.75,
    "overall_avg": 1.5467440824282928
}