{
    "benefit_answer_diff": 1.0,
    "rigor_answer_diff": -0.40909090909090917,
    "importance_answer_diff": 0.31818181818181834,
    "full_text_answer_diff": 0.6818181818181817,
    "another_trial_answer_diff": 1.1818181818181817,
    "overall_avg": 0.5545454545454545
}