{
    "benefit_answer_diff": 1.6333333333333337,
    "rigor_answer_diff": -0.6333333333333329,
    "importance_answer_diff": -1.166666666666666,
    "full_text_answer_diff": 3.0,
    "another_trial_answer_diff": 1.9333333333333331,
    "overall_avg": 0.9533333333333336
}