{
    "accuracy": 0.9666666666666667,
    "precision": 1.0,
    "recall": 0.9333333333333333,
    "f1": 0.9655172413793104
}