{
    "benefit_answer_diff": 0.8666666666666667,
    "rigor_answer_diff": -3.000000000000001,
    "importance_answer_diff": -2.8,
    "full_text_answer_diff": -4.066666666666666,
    "another_trial_answer_diff": 1.266666666666667,
    "overall_avg": -1.5466666666666666
}