{
    "benefit_answer_diff": 2.4999999999999996,
    "rigor_answer_diff": -0.16666666666666696,
    "importance_answer_diff": -0.6333333333333337,
    "full_text_answer_diff": 3.2333333333333334,
    "another_trial_answer_diff": 2.8666666666666663,
    "overall_avg": 1.5599999999999996
}