{
    "benefit_answer_diff": 1.2666666666666666,
    "rigor_answer_diff": -1.5000000000000009,
    "importance_answer_diff": -3.533333333333334,
    "full_text_answer_diff": 2.1666666666666665,
    "another_trial_answer_diff": 1.2666666666666662,
    "overall_avg": -0.06666666666666714
}