{
    "benefit_answer_diff": 2.466666666666667,
    "rigor_answer_diff": -0.16666666666666607,
    "importance_answer_diff": -0.33333333333333304,
    "full_text_answer_diff": 2.8,
    "another_trial_answer_diff": 2.8,
    "overall_avg": 1.5133333333333334
}