{
    "benefit_answer_diff": 3.6333333333333333,
    "rigor_answer_diff": 1.333333333333333,
    "importance_answer_diff": 2.8000000000000003,
    "full_text_answer_diff": 3.766666666666667,
    "another_trial_answer_diff": 3.9000000000000004,
    "overall_avg": 3.086666666666667
}