{
    "benefit_answer_diff": 1.2780000000000005,
    "rigor_answer_diff": 0.13999999999999968,
    "importance_answer_diff": 0.6533333333333333,
    "full_text_answer_diff": 0.08904109589041109,
    "another_trial_answer_diff": 0.953333333333334,
    "overall_avg": 0.6227415525114157
}