{
    "benefit_answer_diff": 2.5999999999999996,
    "rigor_answer_diff": -0.36666666666666625,
    "importance_answer_diff": 1.0999999999999996,
    "full_text_answer_diff": 2.7666666666666666,
    "another_trial_answer_diff": 2.2,
    "overall_avg": 1.66
}