{
    "benefit_answer_diff": 3.9000000000000004,
    "rigor_answer_diff": 0.0,
    "importance_answer_diff": 2.466666666666667,
    "full_text_answer_diff": 2.466666666666667,
    "another_trial_answer_diff": 2.633333333333333,
    "overall_avg": 2.2933333333333334
}