{
    "benefit_answer_diff": 1.4000000000000004,
    "rigor_answer_diff": -0.033333333333333215,
    "importance_answer_diff": 1.5333333333333332,
    "full_text_answer_diff": 1.5333333333333332,
    "another_trial_answer_diff": 1.9000000000000004,
    "overall_avg": 1.2666666666666668
}