{
    "benefit_answer_diff": 2.8666666666666663,
    "rigor_answer_diff": -0.13333333333333286,
    "importance_answer_diff": 1.5333333333333332,
    "full_text_answer_diff": 2.6000000000000005,
    "another_trial_answer_diff": 2.333333333333333,
    "overall_avg": 1.84
}