{
    "benefit_answer_diff": 2.5,
    "rigor_answer_diff": -0.16666666666666607,
    "importance_answer_diff": -0.33333333333333304,
    "full_text_answer_diff": 2.7666666666666666,
    "another_trial_answer_diff": 2.6333333333333333,
    "overall_avg": 1.4800000000000002
}