{
    "benefit_answer_diff": 1.9906666666666668,
    "rigor_answer_diff": 0.13333333333333286,
    "importance_answer_diff": 0.9366666666666665,
    "full_text_answer_diff": 0.4579439252336446,
    "another_trial_answer_diff": 2.0533333333333337,
    "overall_avg": 1.114388785046729
}