{
    "benefit_answer_diff": 3.6,
    "rigor_answer_diff": 1.2999999999999998,
    "importance_answer_diff": 2.7666666666666666,
    "full_text_answer_diff": 3.566666666666667,
    "another_trial_answer_diff": 3.9000000000000004,
    "overall_avg": 3.026666666666667
}