{
    "benefit_answer_diff": 3.6333333333333333,
    "rigor_answer_diff": 1.333333333333333,
    "importance_answer_diff": 2.7666666666666666,
    "full_text_answer_diff": 3.8000000000000003,
    "another_trial_answer_diff": 3.7666666666666666,
    "overall_avg": 3.06
}