{
    "benefit_answer_diff": 2.5,
    "rigor_answer_diff": -0.16666666666666607,
    "importance_answer_diff": -0.2999999999999998,
    "full_text_answer_diff": 2.8,
    "another_trial_answer_diff": 2.6666666666666665,
    "overall_avg": 1.5
}