{
    "benefit_answer_diff": 3.6,
    "rigor_answer_diff": 1.3666666666666663,
    "importance_answer_diff": 2.666666666666667,
    "full_text_answer_diff": 3.6333333333333333,
    "another_trial_answer_diff": 3.833333333333333,
    "overall_avg": 3.02
}