{
    "benefit_answer_diff": 1.913333333333334,
    "rigor_answer_diff": 0.6533333333333333,
    "importance_answer_diff": 1.2200000000000006,
    "full_text_answer_diff": 1.626666666666667,
    "another_trial_answer_diff": 1.8600000000000003,
    "overall_avg": 1.454666666666667
}