{
    "accuracy": 0.5,
    "precision": 0.5,
    "recall": 0.9666666666666667,
    "f1": 0.6590909090909091
}