{
    "benefit_answer_diff": 0.9833333333333343,
    "rigor_answer_diff": 0.36666666666666714,
    "importance_answer_diff": 0.9000000000000004,
    "full_text_answer_diff": 0.3000000000000007,
    "another_trial_answer_diff": 0.3000000000000007,
    "overall_avg": 0.5700000000000006
}