{
    "benefit_answer_diff": 0.7866666666666671,
    "rigor_answer_diff": 0.06666666666666643,
    "importance_answer_diff": 0.12666666666666693,
    "full_text_answer_diff": 0.793333333333333,
    "another_trial_answer_diff": 0.7133333333333338,
    "overall_avg": 0.49733333333333346
}