{
    "benefit_answer_diff": 1.3399999999999999,
    "rigor_answer_diff": 0.6200000000000001,
    "importance_answer_diff": 1.0600000000000005,
    "full_text_answer_diff": 1.2733333333333334,
    "another_trial_answer_diff": 1.3666666666666671,
    "overall_avg": 1.1320000000000001
}