{
    "gpt4o": {
        "benefit_answer_mean_diff": 0.8999999999999995,
        "rigor_answer_mean_diff": -1.9333333333333336,
        "importance_answer_mean_diff": -0.06666666666666643,
        "full_text_answer_mean_diff": 0.09999999999999964,
        "another_trial_answer_mean_diff": 0.7999999999999998,
        "overall_avg": -0.040000000000000216
    },
    "gpt4o-mini": {
        "benefit_answer_mean_diff": 1.3333333333333335,
        "rigor_answer_mean_diff": -2.8666666666666663,
        "importance_answer_mean_diff": 0.7666666666666662,
        "full_text_answer_mean_diff": 0.06666666666666732,
        "another_trial_answer_mean_diff": 0.5666666666666669,
        "overall_avg": -0.026666666666666484
    },
    "gpt35": {
        "benefit_answer_mean_diff": 2.5333333333333328,
        "rigor_answer_mean_diff": -0.8666666666666671,
        "importance_answer_mean_diff": 0.8666666666666671,
        "full_text_answer_mean_diff": 1.7333333333333334,
        "another_trial_answer_mean_diff": 2.466666666666667,
        "overall_avg": 1.3466666666666667
    },
    "gemini_1.5_flash": {
        "benefit_answer_mean_diff": 0.10000000000000009,
        "rigor_answer_mean_diff": -2.4,
        "importance_answer_mean_diff": -0.5333333333333332,
        "full_text_answer_mean_diff": -1.5333333333333328,
        "another_trial_answer_mean_diff": 0.19999999999999973,
        "overall_avg": -0.8333333333333333
    },
    "gemini_1.5_flash-8B": {
        "benefit_answer_mean_diff": 0.8999999999999999,
        "rigor_answer_mean_diff": -1.6333333333333337,
        "importance_answer_mean_diff": -0.36666666666666625,
        "full_text_answer_mean_diff": -1.9,
        "another_trial_answer_mean_diff": -0.33333333333333304,
        "overall_avg": -0.6666666666666666
    },
    "claude_3.5-sonnet": {
        "benefit_answer_mean_diff": 0.8666666666666667,
        "rigor_answer_mean_diff": -3.000000000000001,
        "importance_answer_mean_diff": -2.8,
        "full_text_answer_mean_diff": -4.066666666666666,
        "another_trial_answer_mean_diff": 1.266666666666667,
        "overall_avg": -1.5466666666666666
    },
    "claude_3.5-haiku": {
        "benefit_answer_mean_diff": 0.7333333333333334,
        "rigor_answer_mean_diff": -0.7999999999999998,
        "importance_answer_mean_diff": 0.49999999999999956,
        "full_text_answer_mean_diff": -0.2999999999999998,
        "another_trial_answer_mean_diff": 0.7666666666666666,
        "overall_avg": 0.18
    }
}