{
    "gpt4o": {
        "accuracy": 0.7833333333333333,
        "precision": 0.7073170731707317,
        "recall": 0.9666666666666667,
        "f1": 0.8169014084507042
    },
    "gpt4o-mini": {
        "accuracy": 0.85,
        "precision": 0.7837837837837838,
        "recall": 0.9666666666666667,
        "f1": 0.8656716417910447
    },
    "gpt35": {
        "accuracy": 0.5166666666666667,
        "precision": 1.0,
        "recall": 0.03333333333333333,
        "f1": 0.06451612903225806
    },
    "gemini_1.5_flash": {
        "accuracy": 0.7333333333333333,
        "precision": 0.6521739130434783,
        "recall": 1.0,
        "f1": 0.7894736842105263
    },
    "gemini_1.5_flash-8B": {
        "accuracy": 0.8333333333333334,
        "precision": 0.7941176470588235,
        "recall": 0.9,
        "f1": 0.84375
    },
    "claude_3.5-sonnet": {
        "accuracy": 0.9666666666666667,
        "precision": 1.0,
        "recall": 0.9333333333333333,
        "f1": 0.9655172413793104
    },
    "claude_3.5-haiku": {
        "accuracy": 0.5666666666666667,
        "precision": 0.5357142857142857,
        "recall": 1.0,
        "f1": 0.6976744186046512
    }
}