{
    "gpt4o": {
        "benefit_answer_avg": -3.1333333333333333,
        "rigor_answer_avg": -0.1,
        "importance_answer_avg": -1.2333333333333334,
        "full_text_answer_avg": -2.8666666666666667,
        "another_trial_answer_avg": -3.3333333333333335,
        "overall_avg": -2.1333333333333333
    },
    "gpt4o-mini":{
        "benefit_answer_avg": -3.566666666666667,
        "rigor_answer_avg": -1.4666666666666666,
        "importance_answer_avg": -2.7333333333333334,
        "full_text_answer_avg": -3.933333333333333,
        "another_trial_answer_avg": -3.8666666666666667,
        "overall_avg": -3.1133333333333333
    },
    "gpt35": {
        "benefit_answer_avg": -3.9,
        "rigor_answer_avg": -1.4333333333333333,
        "importance_answer_avg": -2.066666666666667,
        "full_text_answer_avg": -2.6,
        "another_trial_answer_avg": -3.7666666666666666,
        "overall_avg": -2.7533333333333334
    }
}