{
    "benefit_answer_diff": 3.5000000000000004,
    "rigor_answer_diff": 1.4000000000000004,
    "importance_answer_diff": 2.7333333333333334,
    "full_text_answer_diff": 3.766666666666667,
    "another_trial_answer_diff": 3.9,
    "overall_avg": 3.06
}