{
    "benefit_answer_diff": 1.666666666666667,
    "rigor_answer_diff": 0.5666666666666664,
    "importance_answer_diff": 0.033333333333333215,
    "full_text_answer_diff": 0.033333333333333215,
    "another_trial_answer_diff": 0.033333333333333215,
    "overall_avg": 0.4666666666666666
}