{
    "benefit_answer_diff": 2.3,
    "rigor_answer_diff": 0.16666666666666696,
    "importance_answer_diff": 0.2999999999999998,
    "full_text_answer_diff": 0.6333333333333337,
    "another_trial_answer_diff": 1.3000000000000003,
    "overall_avg": 0.9400000000000002
}