{
    "benefit_answer_diff": 3.5,
    "rigor_answer_diff": 0.5,
    "importance_answer_diff": 1.0666666666666664,
    "full_text_answer_diff": 0.33333333333333304,
    "another_trial_answer_diff": 1.7000000000000002,
    "overall_avg": 1.42
}