{
    "benefit_answer_diff": 0.833333333333333,
    "rigor_answer_diff": -1.0666666666666664,
    "importance_answer_diff": 0.033333333333333215,
    "full_text_answer_diff": 0.2999999999999998,
    "another_trial_answer_diff": -1.3999999999999995,
    "overall_avg": -0.25999999999999995
}