{
    "benefit_answer_diff": 1.7800000000000002,
    "rigor_answer_diff": 0.666666666666667,
    "importance_answer_diff": 1.1800000000000006,
    "full_text_answer_diff": 1.6799999999999997,
    "another_trial_answer_diff": 1.873333333333333,
    "overall_avg": 1.4360000000000002
}