{
    "benefit_answer_diff": 1.662962962962963,
    "rigor_answer_diff": 0.3034482758620687,
    "importance_answer_diff": 0.5952380952380949,
    "full_text_answer_diff": 0.4615384615384617,
    "another_trial_answer_diff": 1.5704697986577179,
    "overall_avg": 0.9187315188518612
}