{
    "benefit_answer_diff": 1.1800000000000006,
    "rigor_answer_diff": 0.14999999999999947,
    "importance_answer_diff": 0.6241610738255039,
    "full_text_answer_diff": 0.11594202898550687,
    "another_trial_answer_diff": 1.0533333333333328,
    "overall_avg": 0.6246872872288687
}