{
    "benefit_answer_diff": 1.9233333333333338,
    "rigor_answer_diff": 0.17999999999999972,
    "importance_answer_diff": 0.7585034013605441,
    "full_text_answer_diff": 0.24603174603174605,
    "another_trial_answer_diff": 1.7666666666666666,
    "overall_avg": 0.9749070294784581
}