{
    "benefit_answer_diff": 2.466666666666667,
    "rigor_answer_diff": -0.20000000000000018,
    "importance_answer_diff": -0.33333333333333304,
    "full_text_answer_diff": 2.833333333333334,
    "another_trial_answer_diff": 2.6999999999999997,
    "overall_avg": 1.4933333333333334
}