{
    "benefit_answer_diff": 2.5,
    "rigor_answer_diff": -0.16666666666666607,
    "importance_answer_diff": -0.33333333333333304,
    "full_text_answer_diff": 2.9000000000000004,
    "another_trial_answer_diff": 2.6666666666666665,
    "overall_avg": 1.5133333333333336
}