{
    "benefit_answer_diff": 1.2599999999999998,
    "rigor_answer_diff": 0.6000000000000005,
    "importance_answer_diff": 0.9666666666666668,
    "full_text_answer_diff": 1.2333333333333334,
    "another_trial_answer_diff": 1.38,
    "overall_avg": 1.088
}