{
    "benefit_answer_diff": 4.316666666666666,
    "rigor_answer_diff": 0.0333333333333341,
    "importance_answer_diff": 0.9666666666666668,
    "full_text_answer_diff": 0.7727272727272725,
    "another_trial_answer_diff": 5.0,
    "overall_avg": 2.217878787878788
}