{
    "benefit_answer_diff": 1.2058823529411762,
    "rigor_answer_diff": 0.125,
    "importance_answer_diff": 0.3481481481481481,
    "full_text_answer_diff": 1.0434782608695654,
    "another_trial_answer_diff": 1.4233576642335768,
    "overall_avg": 0.8291732852384933
}