{
    "benefit_answer_diff": 0.8266666666666671,
    "rigor_answer_diff": -0.1733333333333329,
    "importance_answer_diff": 0.3733333333333331,
    "full_text_answer_diff": 0.39999999999999947,
    "another_trial_answer_diff": 1.3666666666666671,
    "overall_avg": 0.5586666666666668
}