{
    "benefit_answer_diff": 3.5333333333333337,
    "rigor_answer_diff": 1.3666666666666663,
    "importance_answer_diff": 2.8,
    "full_text_answer_diff": 3.8000000000000003,
    "another_trial_answer_diff": 3.9000000000000004,
    "overall_avg": 3.08
}