{
    "benefit_answer_diff": 1.0066666666666668,
    "rigor_answer_diff": -0.2333333333333334,
    "importance_answer_diff": 0.3200000000000003,
    "full_text_answer_diff": 0.8533333333333335,
    "another_trial_answer_diff": 1.3599999999999994,
    "overall_avg": 0.6613333333333333
}