{
    "benefit_answer_diff": 3.6333333333333333,
    "rigor_answer_diff": 1.333333333333333,
    "importance_answer_diff": 2.666666666666667,
    "full_text_answer_diff": 3.533333333333333,
    "another_trial_answer_diff": 3.9333333333333336,
    "overall_avg": 3.02
}