{
    "benefit_answer_diff": 1.6649122807017536,
    "rigor_answer_diff": 0.06140350877192979,
    "importance_answer_diff": 0.8322147651006713,
    "full_text_answer_diff": 0.914893617021276,
    "another_trial_answer_diff": 1.9035087719298245,
    "overall_avg": 1.075386588705091
}