{
    "benefit_answer_diff": 1.9066666666666663,
    "rigor_answer_diff": 0.7266666666666666,
    "importance_answer_diff": 1.1800000000000006,
    "full_text_answer_diff": 1.6866666666666674,
    "another_trial_answer_diff": 1.8266666666666662,
    "overall_avg": 1.4653333333333334
}