{
    "benefit_answer_diff": 1.0600000000000005,
    "rigor_answer_diff": 0.4066666666666663,
    "importance_answer_diff": 0.706666666666667,
    "full_text_answer_diff": 0.9533333333333331,
    "another_trial_answer_diff": 1.0333333333333332,
    "overall_avg": 0.8320000000000001
}