{
    "benefit_answer_diff": 3.3600000000000003,
    "rigor_answer_diff": -0.9615384615384617,
    "importance_answer_diff": 1.5,
    "full_text_answer_diff": 2.0999999999999996,
    "another_trial_answer_diff": 2.3666666666666663,
    "overall_avg": 1.673025641025641
}