{
    "benefit_answer_diff": 1.5,
    "rigor_answer_diff": 0.16666666666666696,
    "importance_answer_diff": 1.6333333333333337,
    "full_text_answer_diff": 0.9666666666666668,
    "another_trial_answer_diff": 1.2666666666666666,
    "overall_avg": 1.106666666666667
}