{
    "benefit_answer_diff": 3.095238095238095,
    "rigor_answer_diff": -1.5999999999999996,
    "importance_answer_diff": 1.0666666666666664,
    "full_text_answer_diff": 0.833333333333333,
    "another_trial_answer_diff": 2.0,
    "overall_avg": 1.079047619047619
}