{
    "benefit_answer_diff": 3.233333333333333,
    "rigor_answer_diff": 0.4666666666666668,
    "importance_answer_diff": 1.3666666666666671,
    "full_text_answer_diff": 2.3,
    "another_trial_answer_diff": 2.7,
    "overall_avg": 2.013333333333333
}