{
    "benefit_answer_diff": 0.7333333333333334,
    "rigor_answer_diff": -0.7999999999999998,
    "importance_answer_diff": 0.49999999999999956,
    "full_text_answer_diff": -0.2999999999999998,
    "another_trial_answer_diff": 0.7666666666666666,
    "overall_avg": 0.18
}