{
    "benefit_answer_diff": 2.233333333333333,
    "rigor_answer_diff": -0.7000000000000002,
    "importance_answer_diff": 0.8999999999999995,
    "full_text_answer_diff": 1.166666666666667,
    "another_trial_answer_diff": 1.9333333333333327,
    "overall_avg": 1.1066666666666665
}