{
    "benefit_answer_diff": 2.9666666666666663,
    "rigor_answer_diff": -0.033333333333333215,
    "importance_answer_diff": 0.4666666666666668,
    "full_text_answer_diff": 1.2999999999999998,
    "another_trial_answer_diff": 2.166666666666667,
    "overall_avg": 1.3733333333333333
}