{
    "accuracy": 0.5666666666666667,
    "precision": 0.5357142857142857,
    "recall": 1.0,
    "f1": 0.6976744186046512
}