{
    "benefit_answer_diff": 2.4666666666666663,
    "rigor_answer_diff": -1.2666666666666666,
    "importance_answer_diff": -0.5999999999999996,
    "full_text_answer_diff": -0.09999999999999964,
    "another_trial_answer_diff": 1.7999999999999998,
    "overall_avg": 0.4600000000000001
}