{
    "benefit_answer_diff": 3.5333333333333337,
    "rigor_answer_diff": 1.333333333333333,
    "importance_answer_diff": 2.7666666666666666,
    "full_text_answer_diff": 3.666666666666667,
    "another_trial_answer_diff": 3.8,
    "overall_avg": 3.02
}