{
    "benefit_answer_diff": 3.033333333333333,
    "rigor_answer_diff": -0.7000000000000002,
    "importance_answer_diff": 0.7000000000000002,
    "full_text_answer_diff": 1.4333333333333336,
    "another_trial_answer_diff": 2.2666666666666666,
    "overall_avg": 1.3466666666666667
}