{
    "accuracy": 0.8333333333333334,
    "precision": 0.8571428571428571,
    "recall": 0.8,
    "f1": 0.8275862068965517
}