{
    "benefit_answer_diff": 3.833333333333333,
    "rigor_answer_diff": -0.18333333333333268,
    "importance_answer_diff": 1.0,
    "full_text_answer_diff": 0.6153846153846159,
    "another_trial_answer_diff": 4.7333333333333325,
    "overall_avg": 1.9997435897435898
}