{
    "benefit_answer_diff": 4.4,
    "rigor_answer_diff": 0.0,
    "importance_answer_diff": 0.6333333333333337,
    "full_text_answer_diff": 1.0555555555555554,
    "another_trial_answer_diff": 4.933333333333334,
    "overall_avg": 2.2044444444444444
}