{
    "benefit_answer_diff": 2.933333333333333,
    "rigor_answer_diff": -0.833333333333333,
    "importance_answer_diff": -0.2333333333333334,
    "full_text_answer_diff": 1.0,
    "another_trial_answer_diff": 3.733333333333333,
    "overall_avg": 1.3199999999999998
}