{
    "benefit_answer_diff": 1.934684684684684,
    "rigor_answer_diff": 0.11333333333333417,
    "importance_answer_diff": 1.1756756756756754,
    "full_text_answer_diff": 0.0,
    "another_trial_answer_diff": 2.0067114093959733,
    "overall_avg": 1.0460810206179334
}