{
    "benefit_answer_diff": 2.0733333333333337,
    "rigor_answer_diff": 0.8066666666666666,
    "importance_answer_diff": 1.38,
    "full_text_answer_diff": 1.96,
    "another_trial_answer_diff": 2.12,
    "overall_avg": 1.6680000000000001
}