{
    "benefit_answer_diff": 3.6,
    "rigor_answer_diff": 1.2999999999999998,
    "importance_answer_diff": 2.666666666666667,
    "full_text_answer_diff": 3.6999999999999997,
    "another_trial_answer_diff": 3.866666666666667,
    "overall_avg": 3.026666666666667
}