{
    "benefit_answer_diff": 1.706666666666667,
    "rigor_answer_diff": 0.43333333333333357,
    "importance_answer_diff": 1.0733333333333333,
    "full_text_answer_diff": 1.4933333333333332,
    "another_trial_answer_diff": 1.6000000000000005,
    "overall_avg": 1.2613333333333334
}