{
    "benefit_answer_diff": 3.6,
    "rigor_answer_diff": 1.4666666666666668,
    "importance_answer_diff": 2.6333333333333337,
    "full_text_answer_diff": 3.733333333333334,
    "another_trial_answer_diff": 3.9333333333333336,
    "overall_avg": 3.0733333333333337
}