{
    "benefit_answer_diff": 1.6114864864864868,
    "rigor_answer_diff": 0.06666666666666732,
    "importance_answer_diff": 0.9324324324324325,
    "full_text_answer_diff": 0.03623188405797162,
    "another_trial_answer_diff": 1.8200000000000003,
    "overall_avg": 0.8933634939287117
}