{
    "benefit_answer_diff": 0.9865771812080535,
    "rigor_answer_diff": -0.29054054054054035,
    "importance_answer_diff": 0.32214765100671094,
    "full_text_answer_diff": 1.0067114093959733,
    "another_trial_answer_diff": 1.2666666666666666,
    "overall_avg": 0.6583124735473728
}